id,cohort,freq,level,mag,phase
WT-1,WT (mixed C57BL/6:FVB),2,10,NA,NA
WT-1,WT (mixed C57BL/6:FVB),2,20,NA,NA
WT-1,WT (mixed C57BL/6:FVB),2,30,NA,NA
WT-1,WT (mixed C57BL/6:FVB),2,40,NA,NA
WT-1,WT (mixed C57BL/6:FVB),2,50,0.994516230987148,2.190891817420539
WT-1,WT (mixed C57BL/6:FVB),2,60,3.56426436565854,1.8526797895192604
WT-1,WT (mixed C57BL/6:FVB),2,70,10.4650621836856,1.1721203339651496
WT-1,WT (mixed C57BL/6:FVB),2,80,32.0177951241886,0.5679656583332969
WT-1,WT (mixed C57BL/6:FVB),2.5,10,0.726731972422762,7.6555652347383
WT-1,WT (mixed C57BL/6:FVB),2.5,20,NA,NA
WT-1,WT (mixed C57BL/6:FVB),2.5,30,NA,NA
WT-1,WT (mixed C57BL/6:FVB),2.5,40,NA,NA
WT-1,WT (mixed C57BL/6:FVB),2.5,50,2.46834038640163,0.6843743125717948
WT-1,WT (mixed C57BL/6:FVB),2.5,60,7.21720345975525,0.114521119172975
WT-1,WT (mixed C57BL/6:FVB),2.5,70,16.371696081965,-0.658154221131179
WT-1,WT (mixed C57BL/6:FVB),2.5,80,55.7424189103346,-1.3217592626572725
WT-1,WT (mixed C57BL/6:FVB),3,10,NA,NA
WT-1,WT (mixed C57BL/6:FVB),3,20,NA,NA
WT-1,WT (mixed C57BL/6:FVB),3,30,NA,NA
WT-1,WT (mixed C57BL/6:FVB),3,40,1.37298041331388,-0.8568629898363259
WT-1,WT (mixed C57BL/6:FVB),3,50,4.05938324070839,-0.7850912563774113
WT-1,WT (mixed C57BL/6:FVB),3,60,8.22011172111193,-2.1527805521374823
WT-1,WT (mixed C57BL/6:FVB),3,70,20.7117946307779,-2.8199739430991944
WT-1,WT (mixed C57BL/6:FVB),3,80,76.4580719789356,-3.371731002235106
WT-1,WT (mixed C57BL/6:FVB),3.5,10,NA,NA
WT-1,WT (mixed C57BL/6:FVB),3.5,20,NA,NA
WT-1,WT (mixed C57BL/6:FVB),3.5,30,NA,NA
WT-1,WT (mixed C57BL/6:FVB),3.5,40,1.41276528639415,-3.777175528333341
WT-1,WT (mixed C57BL/6:FVB),3.5,50,3.3170036028103,-3.869368943347321
WT-1,WT (mixed C57BL/6:FVB),3.5,60,10.1511636283775,-2.9354825844072767
WT-1,WT (mixed C57BL/6:FVB),3.5,70,28.0785478264761,-4.762079393217037
WT-1,WT (mixed C57BL/6:FVB),3.5,80,99.1109792211746,-5.429271051192251
WT-1,WT (mixed C57BL/6:FVB),4,10,NA,NA
WT-1,WT (mixed C57BL/6:FVB),4,20,NA,NA
WT-1,WT (mixed C57BL/6:FVB),4,30,1.1975318074208,-9.014409044525426
WT-1,WT (mixed C57BL/6:FVB),4,40,2.69752352592683,-5.460469698807726
WT-1,WT (mixed C57BL/6:FVB),4,50,6.25765420744536,-5.615301608205061
WT-1,WT (mixed C57BL/6:FVB),4,60,14.9923155926207,-6.277680284112448
WT-1,WT (mixed C57BL/6:FVB),4,70,44.5327039935482,-6.715189790925079
WT-1,WT (mixed C57BL/6:FVB),4,80,143.72569392806,-7.5051043716550225
WT-1,WT (mixed C57BL/6:FVB),4.5,10,NA,NA
WT-1,WT (mixed C57BL/6:FVB),4.5,20,1.03409832359205,-6.891761326443727
WT-1,WT (mixed C57BL/6:FVB),4.5,30,1.29544876568292,-7.684395854364749
WT-1,WT (mixed C57BL/6:FVB),4.5,40,3.16473674764176,-6.714721727917404
WT-1,WT (mixed C57BL/6:FVB),4.5,50,7.92844827644936,-8.021202318161846
WT-1,WT (mixed C57BL/6:FVB),4.5,60,23.6835235467159,-8.209001556494044
WT-1,WT (mixed C57BL/6:FVB),4.5,70,59.7770072758585,-9.171794469243896
WT-1,WT (mixed C57BL/6:FVB),4.5,80,191.6994060431,-9.798553151452456
WT-1,WT (mixed C57BL/6:FVB),5,10,0.713203555598062,-11.158811089228664
WT-1,WT (mixed C57BL/6:FVB),5,20,NA,NA
WT-1,WT (mixed C57BL/6:FVB),5,30,1.68306210311555,-9.913598109786667
WT-1,WT (mixed C57BL/6:FVB),5,40,5.17249606397082,-10.24759487595466
WT-1,WT (mixed C57BL/6:FVB),5,50,11.8497625128621,-10.48256691713132
WT-1,WT (mixed C57BL/6:FVB),5,60,27.3736696828806,-10.920099579127768
WT-1,WT (mixed C57BL/6:FVB),5,70,79.717315130414,-11.759580315384683
WT-1,WT (mixed C57BL/6:FVB),5,80,242.849728695133,-12.316452133818474
WT-1,WT (mixed C57BL/6:FVB),5.5,10,NA,NA
WT-1,WT (mixed C57BL/6:FVB),5.5,20,NA,NA
WT-1,WT (mixed C57BL/6:FVB),5.5,30,1.37703947392809,-11.226433646564994
WT-1,WT (mixed C57BL/6:FVB),5.5,40,3.50770540519531,-11.266561422213872
WT-1,WT (mixed C57BL/6:FVB),5.5,50,9.94160450386523,-11.548192717153638
WT-1,WT (mixed C57BL/6:FVB),5.5,60,24.9763830858627,-13.090526294690807
WT-1,WT (mixed C57BL/6:FVB),5.5,70,67.6929213765538,-14.046424555991605
WT-1,WT (mixed C57BL/6:FVB),5.5,80,211.661725697549,-14.775934393069967
WT-1,WT (mixed C57BL/6:FVB),6,10,NA,NA
WT-1,WT (mixed C57BL/6:FVB),6,20,NA,NA
WT-1,WT (mixed C57BL/6:FVB),6,30,1.24362374748844,-13.263003712180934
WT-1,WT (mixed C57BL/6:FVB),6,40,3.04291981179303,-14.559747117071913
WT-1,WT (mixed C57BL/6:FVB),6,50,10.0380037972449,-13.42084977871596
WT-1,WT (mixed C57BL/6:FVB),6,60,24.2596861484594,-13.811276101398784
WT-1,WT (mixed C57BL/6:FVB),6,70,66.521194172631,-16.105610274586127
WT-1,WT (mixed C57BL/6:FVB),6,80,184.455644115499,-15.743055556192568
WT-1,WT (mixed C57BL/6:FVB),6.5,10,NA,NA
WT-1,WT (mixed C57BL/6:FVB),6.5,20,0.81665070950621,-11.973939290155876
WT-1,WT (mixed C57BL/6:FVB),6.5,30,1.18260720015163,-14.859972735320216
WT-1,WT (mixed C57BL/6:FVB),6.5,40,4.10489978855488,-16.116064136024093
WT-1,WT (mixed C57BL/6:FVB),6.5,50,11.8259590705576,-16.433770367901253
WT-1,WT (mixed C57BL/6:FVB),6.5,60,25.5072250628659,-16.983797181549637
WT-1,WT (mixed C57BL/6:FVB),6.5,70,57.9640028935834,-16.96751088378694
WT-1,WT (mixed C57BL/6:FVB),6.5,80,146.307728360316,-17.90368029481205
WT-1,WT (mixed C57BL/6:FVB),7,10,NA,NA
WT-1,WT (mixed C57BL/6:FVB),7,20,NA,NA
WT-1,WT (mixed C57BL/6:FVB),7,30,1.5318579512596,-18.14600521845894
WT-1,WT (mixed C57BL/6:FVB),7,40,4.42329183947382,-18.209133566254305
WT-1,WT (mixed C57BL/6:FVB),7,50,10.4052378601921,-17.22445751060982
WT-1,WT (mixed C57BL/6:FVB),7,60,23.1109285093956,-17.671367824930098
WT-1,WT (mixed C57BL/6:FVB),7,70,44.7320788767156,-18.93053155042471
WT-1,WT (mixed C57BL/6:FVB),7,80,101.531126382793,-19.970079611741262
WT-1,WT (mixed C57BL/6:FVB),7.5,10,NA,NA
WT-1,WT (mixed C57BL/6:FVB),7.5,20,NA,NA
WT-1,WT (mixed C57BL/6:FVB),7.5,30,1.72303432414043,-20.022786828404957
WT-1,WT (mixed C57BL/6:FVB),7.5,40,4.45606542815444,-18.83070123814955
WT-1,WT (mixed C57BL/6:FVB),7.5,50,10.7298082041388,-19.028624347135622
WT-1,WT (mixed C57BL/6:FVB),7.5,60,22.4788784485513,-19.488972610782213
WT-1,WT (mixed C57BL/6:FVB),7.5,70,36.2750009873858,-20.6179697687233
WT-1,WT (mixed C57BL/6:FVB),7.5,80,74.7221143877869,-22.00407576033691
WT-1,WT (mixed C57BL/6:FVB),8,10,NA,NA
WT-1,WT (mixed C57BL/6:FVB),8,20,1.07419799882318,-21.297668859307333
WT-1,WT (mixed C57BL/6:FVB),8,30,2.17514027655571,-20.44867825876046
WT-1,WT (mixed C57BL/6:FVB),8,40,5.25633758828054,-20.656388068841657
WT-1,WT (mixed C57BL/6:FVB),8,50,10.1481234419946,-20.999857227498183
WT-1,WT (mixed C57BL/6:FVB),8,60,18.6352074938831,-21.336098330066704
WT-1,WT (mixed C57BL/6:FVB),8,70,29.5750219843042,-22.4575817371274
WT-1,WT (mixed C57BL/6:FVB),8,80,48.7822940691134,-23.900399888195363
WT-1,WT (mixed C57BL/6:FVB),8.5,10,0.780852302550062,-21.30518141599286
WT-1,WT (mixed C57BL/6:FVB),8.5,20,1.46537907579816,-22.524696088133044
WT-1,WT (mixed C57BL/6:FVB),8.5,30,2.533128998512,-22.724091764594863
WT-1,WT (mixed C57BL/6:FVB),8.5,40,5.47059668913184,-22.688105194862494
WT-1,WT (mixed C57BL/6:FVB),8.5,50,10.157384664719,-22.916922116614632
WT-1,WT (mixed C57BL/6:FVB),8.5,60,15.8769721096389,-23.17043407623724
WT-1,WT (mixed C57BL/6:FVB),8.5,70,22.8957135382067,-24.24228581460581
WT-1,WT (mixed C57BL/6:FVB),8.5,80,32.8449683037428,-25.74583807827635
WT-1,WT (mixed C57BL/6:FVB),9,10,0.750101668567359,-26.8342421540842
WT-1,WT (mixed C57BL/6:FVB),9,20,1.36479591194165,-25.16681270682648
WT-1,WT (mixed C57BL/6:FVB),9,30,3.13627918956646,-25.191867677158545
WT-1,WT (mixed C57BL/6:FVB),9,40,5.37646347503101,-25.042591951451843
WT-1,WT (mixed C57BL/6:FVB),9,50,9.72073936989007,-24.972085731324768
WT-1,WT (mixed C57BL/6:FVB),9,60,14.0770255376218,-25.128078771729832
WT-1,WT (mixed C57BL/6:FVB),9,70,16.6890124236863,-26.12044904922166
WT-1,WT (mixed C57BL/6:FVB),9,80,21.7687803716215,-27.82164542035223
WT-1,WT (mixed C57BL/6:FVB),9.5,10,0.810663964453332,-29.066595486418343
WT-1,WT (mixed C57BL/6:FVB),9.5,20,1.9995032037632,-28.59025746343546
WT-1,WT (mixed C57BL/6:FVB),9.5,30,2.93924540848542,-28.10697417124032
WT-1,WT (mixed C57BL/6:FVB),9.5,40,4.82293286205035,-27.69114137450078
WT-1,WT (mixed C57BL/6:FVB),9.5,50,7.44491281697164,-27.28918901075492
WT-1,WT (mixed C57BL/6:FVB),9.5,60,10.9933986916336,-27.413150563042738
WT-1,WT (mixed C57BL/6:FVB),9.5,70,11.9534778020716,-28.57913545106378
WT-1,WT (mixed C57BL/6:FVB),9.5,80,15.1734389757607,-30.210931028642516
WT-1,WT (mixed C57BL/6:FVB),10,10,NA,NA
WT-1,WT (mixed C57BL/6:FVB),10,20,1.21895596930838,-31.68648181161962
WT-1,WT (mixed C57BL/6:FVB),10,30,2.07969002438036,-31.05843392494043
WT-1,WT (mixed C57BL/6:FVB),10,40,2.81820984801403,-30.405801307917113
WT-1,WT (mixed C57BL/6:FVB),10,50,4.68562292948267,-29.942541665600483
WT-1,WT (mixed C57BL/6:FVB),10,60,6.36492989295335,-30.001837193343537
WT-1,WT (mixed C57BL/6:FVB),10,70,6.92083844975934,-31.234093759047163
WT-1,WT (mixed C57BL/6:FVB),10,80,7.47731599834181,-32.68382064525501
WT-1,WT (mixed C57BL/6:FVB),10.5,10,NA,NA
WT-1,WT (mixed C57BL/6:FVB),10.5,20,1.0679321591999,-35.942053660384715
WT-1,WT (mixed C57BL/6:FVB),10.5,30,1.09706379361636,-35.25532222113397
WT-1,WT (mixed C57BL/6:FVB),10.5,40,1.25206576963957,-34.16417619647868
WT-1,WT (mixed C57BL/6:FVB),10.5,50,1.69633108338615,-33.143755492703065
WT-1,WT (mixed C57BL/6:FVB),10.5,60,3.07410720341413,-32.74179740210146
WT-1,WT (mixed C57BL/6:FVB),10.5,70,2.62788892550055,-34.19605696798758
WT-1,WT (mixed C57BL/6:FVB),10.5,80,3.49686885836001,-35.72271476860146
WT-1,WT (mixed C57BL/6:FVB),11,10,NA,NA
WT-1,WT (mixed C57BL/6:FVB),11,20,NA,NA
WT-1,WT (mixed C57BL/6:FVB),11,30,0.886936820154413,-29.925898337607684
WT-1,WT (mixed C57BL/6:FVB),11,40,0.883184092586044,-29.30772533485188
WT-1,WT (mixed C57BL/6:FVB),11,50,NA,NA
WT-1,WT (mixed C57BL/6:FVB),11,60,1.47061025232292,-25.566694795561695
WT-1,WT (mixed C57BL/6:FVB),11,70,1.59352627148265,-28.24455148110581
WT-1,WT (mixed C57BL/6:FVB),11,80,2.53062936236746,-31.15480495833041
WT-1,WT (mixed C57BL/6:FVB),11.5,10,NA,NA
WT-1,WT (mixed C57BL/6:FVB),11.5,20,NA,NA
WT-1,WT (mixed C57BL/6:FVB),11.5,30,NA,NA
WT-1,WT (mixed C57BL/6:FVB),11.5,40,0.873158063009704,-34.17671738983513
WT-1,WT (mixed C57BL/6:FVB),11.5,50,NA,NA
WT-1,WT (mixed C57BL/6:FVB),11.5,60,0.989330929425565,-33.18575205048035
WT-1,WT (mixed C57BL/6:FVB),11.5,70,0.91460958638741,-36.036463345929775
WT-1,WT (mixed C57BL/6:FVB),11.5,80,1.07287359121404,-35.39655678028735
WT-1,WT (mixed C57BL/6:FVB),12,10,NA,NA
WT-1,WT (mixed C57BL/6:FVB),12,20,NA,NA
WT-1,WT (mixed C57BL/6:FVB),12,30,NA,NA
WT-1,WT (mixed C57BL/6:FVB),12,40,NA,NA
WT-1,WT (mixed C57BL/6:FVB),12,50,0.834601050519886,-35.663528343343636
WT-1,WT (mixed C57BL/6:FVB),12,60,NA,NA
WT-1,WT (mixed C57BL/6:FVB),12,70,0.839830521618142,-37.54742278141789
WT-1,WT (mixed C57BL/6:FVB),12,80,0.968013896490702,-38.07379849058031
WT-1,WT (mixed C57BL/6:FVB),12.5,10,NA,NA
WT-1,WT (mixed C57BL/6:FVB),12.5,20,NA,NA
WT-1,WT (mixed C57BL/6:FVB),12.5,30,NA,NA
WT-1,WT (mixed C57BL/6:FVB),12.5,40,NA,NA
WT-1,WT (mixed C57BL/6:FVB),12.5,50,NA,NA
WT-1,WT (mixed C57BL/6:FVB),12.5,60,NA,NA
WT-1,WT (mixed C57BL/6:FVB),12.5,70,NA,NA
WT-1,WT (mixed C57BL/6:FVB),12.5,80,NA,NA
WT-1,WT (mixed C57BL/6:FVB),13,10,NA,NA
WT-1,WT (mixed C57BL/6:FVB),13,20,NA,NA
WT-1,WT (mixed C57BL/6:FVB),13,30,NA,NA
WT-1,WT (mixed C57BL/6:FVB),13,40,NA,NA
WT-1,WT (mixed C57BL/6:FVB),13,50,NA,NA
WT-1,WT (mixed C57BL/6:FVB),13,60,NA,NA
WT-1,WT (mixed C57BL/6:FVB),13,70,NA,NA
WT-1,WT (mixed C57BL/6:FVB),13,80,NA,NA
WT-1,WT (mixed C57BL/6:FVB),13.5,10,NA,NA
WT-1,WT (mixed C57BL/6:FVB),13.5,20,NA,NA
WT-1,WT (mixed C57BL/6:FVB),13.5,30,NA,NA
WT-1,WT (mixed C57BL/6:FVB),13.5,40,NA,NA
WT-1,WT (mixed C57BL/6:FVB),13.5,50,NA,NA
WT-1,WT (mixed C57BL/6:FVB),13.5,60,NA,NA
WT-1,WT (mixed C57BL/6:FVB),13.5,70,NA,NA
WT-1,WT (mixed C57BL/6:FVB),13.5,80,NA,NA
WT-1,WT (mixed C57BL/6:FVB),14,10,NA,NA
WT-1,WT (mixed C57BL/6:FVB),14,20,NA,NA
WT-1,WT (mixed C57BL/6:FVB),14,30,NA,NA
WT-1,WT (mixed C57BL/6:FVB),14,40,NA,NA
WT-1,WT (mixed C57BL/6:FVB),14,50,NA,NA
WT-1,WT (mixed C57BL/6:FVB),14,60,NA,NA
WT-1,WT (mixed C57BL/6:FVB),14,70,NA,NA
WT-1,WT (mixed C57BL/6:FVB),14,80,0.815436346698386,-41.73726964305808
WT-2,WT (mixed C57BL/6:FVB),2,10,NA,NA
WT-2,WT (mixed C57BL/6:FVB),2,20,NA,NA
WT-2,WT (mixed C57BL/6:FVB),2,30,NA,NA
WT-2,WT (mixed C57BL/6:FVB),2,40,NA,NA
WT-2,WT (mixed C57BL/6:FVB),2,50,0.902198085520885,-0.9647939998317766
WT-2,WT (mixed C57BL/6:FVB),2,60,2.15205386942212,-0.4802364661006712
WT-2,WT (mixed C57BL/6:FVB),2,70,5.89810995310766,-0.705936903291225
WT-2,WT (mixed C57BL/6:FVB),2,80,19.1373464093287,-0.7071228606714619
WT-2,WT (mixed C57BL/6:FVB),2.5,10,NA,NA
WT-2,WT (mixed C57BL/6:FVB),2.5,20,NA,NA
WT-2,WT (mixed C57BL/6:FVB),2.5,30,NA,NA
WT-2,WT (mixed C57BL/6:FVB),2.5,40,NA,NA
WT-2,WT (mixed C57BL/6:FVB),2.5,50,0.765367818249903,-1.175013413579192
WT-2,WT (mixed C57BL/6:FVB),2.5,60,2.50535112362316,-1.8488007625230265
WT-2,WT (mixed C57BL/6:FVB),2.5,70,7.34289860283933,-2.3586153466997675
WT-2,WT (mixed C57BL/6:FVB),2.5,80,24.364947293916,-1.50621538394118
WT-2,WT (mixed C57BL/6:FVB),3,10,NA,NA
WT-2,WT (mixed C57BL/6:FVB),3,20,NA,NA
WT-2,WT (mixed C57BL/6:FVB),3,30,NA,NA
WT-2,WT (mixed C57BL/6:FVB),3,40,0.79180449721905,-4.9183516722870735
WT-2,WT (mixed C57BL/6:FVB),3,50,2.0296547744674,-5.048654999070698
WT-2,WT (mixed C57BL/6:FVB),3,60,7.24309788407077,-5.043172368270512
WT-2,WT (mixed C57BL/6:FVB),3,70,16.02045379775,-3.0453594041135323
WT-2,WT (mixed C57BL/6:FVB),3,80,51.7748779588861,-3.505654409351312
WT-2,WT (mixed C57BL/6:FVB),3.5,10,NA,NA
WT-2,WT (mixed C57BL/6:FVB),3.5,20,NA,NA
WT-2,WT (mixed C57BL/6:FVB),3.5,30,NA,NA
WT-2,WT (mixed C57BL/6:FVB),3.5,40,0.771690134345906,-5.391927986901148
WT-2,WT (mixed C57BL/6:FVB),3.5,50,3.04771133498072,-4.976364508640883
WT-2,WT (mixed C57BL/6:FVB),3.5,60,8.11378117527,-4.948783223018793
WT-2,WT (mixed C57BL/6:FVB),3.5,70,23.8399010708875,-6.008115952666891
WT-2,WT (mixed C57BL/6:FVB),3.5,80,75.4627575565177,-5.697542582157187
WT-2,WT (mixed C57BL/6:FVB),4,10,NA,NA
WT-2,WT (mixed C57BL/6:FVB),4,20,NA,NA
WT-2,WT (mixed C57BL/6:FVB),4,30,NA,NA
WT-2,WT (mixed C57BL/6:FVB),4,40,1.66551257345707,-9.211961415133278
WT-2,WT (mixed C57BL/6:FVB),4,50,5.53371480195452,-9.835723756413776
WT-2,WT (mixed C57BL/6:FVB),4,60,8.87841236477455,-8.844451229976949
WT-2,WT (mixed C57BL/6:FVB),4,70,28.9770884123924,-8.401301157672556
WT-2,WT (mixed C57BL/6:FVB),4,80,114.300659493194,-7.356519003013734
WT-2,WT (mixed C57BL/6:FVB),4.5,10,NA,NA
WT-2,WT (mixed C57BL/6:FVB),4.5,20,NA,NA
WT-2,WT (mixed C57BL/6:FVB),4.5,30,0.702983667191888,-7.754070866182912
WT-2,WT (mixed C57BL/6:FVB),4.5,40,2.11176267807309,-8.697203005400702
WT-2,WT (mixed C57BL/6:FVB),4.5,50,5.28380082190565,-8.655466623467284
WT-2,WT (mixed C57BL/6:FVB),4.5,60,15.7623605660502,-8.613783757020107
WT-2,WT (mixed C57BL/6:FVB),4.5,70,46.6852883565829,-9.230315618800288
WT-2,WT (mixed C57BL/6:FVB),4.5,80,137.969148877909,-10.234842353429832
WT-2,WT (mixed C57BL/6:FVB),5,10,NA,NA
WT-2,WT (mixed C57BL/6:FVB),5,20,NA,NA
WT-2,WT (mixed C57BL/6:FVB),5,30,1.2102201367654,-11.19324382935496
WT-2,WT (mixed C57BL/6:FVB),5,40,2.66669573785042,-10.23168660520574
WT-2,WT (mixed C57BL/6:FVB),5,50,6.82157698376052,-11.392858980780016
WT-2,WT (mixed C57BL/6:FVB),5,60,16.7176860408256,-11.664552937280588
WT-2,WT (mixed C57BL/6:FVB),5,70,43.8018843644772,-11.99014897102014
WT-2,WT (mixed C57BL/6:FVB),5,80,133.019851638019,-12.943358833421629
WT-2,WT (mixed C57BL/6:FVB),5.5,10,NA,NA
WT-2,WT (mixed C57BL/6:FVB),5.5,20,NA,NA
WT-2,WT (mixed C57BL/6:FVB),5.5,30,1.23144319638404,-12.858065638349236
WT-2,WT (mixed C57BL/6:FVB),5.5,40,3.34541033555907,-13.154090307577176
WT-2,WT (mixed C57BL/6:FVB),5.5,50,10.4262807628581,-13.252667862620717
WT-2,WT (mixed C57BL/6:FVB),5.5,60,15.6748783807755,-12.805676862185209
WT-2,WT (mixed C57BL/6:FVB),5.5,70,47.2074899788868,-14.562516051374196
WT-2,WT (mixed C57BL/6:FVB),5.5,80,131.36671719948,-15.60196519075848
WT-2,WT (mixed C57BL/6:FVB),6,10,NA,NA
WT-2,WT (mixed C57BL/6:FVB),6,20,NA,NA
WT-2,WT (mixed C57BL/6:FVB),6,30,1.18544895002257,-15.294300179537387
WT-2,WT (mixed C57BL/6:FVB),6,40,3.68125269173718,-15.232805396705656
WT-2,WT (mixed C57BL/6:FVB),6,50,8.10024585372502,-15.19615562249712
WT-2,WT (mixed C57BL/6:FVB),6,60,19.512895934171,-15.4775997731008
WT-2,WT (mixed C57BL/6:FVB),6,70,42.8642210589572,-16.208160307513637
WT-2,WT (mixed C57BL/6:FVB),6,80,101.560990203856,-17.345413983551158
WT-2,WT (mixed C57BL/6:FVB),6.5,10,NA,NA
WT-2,WT (mixed C57BL/6:FVB),6.5,20,NA,NA
WT-2,WT (mixed C57BL/6:FVB),6.5,30,1.00879360143749,-17.451332510331483
WT-2,WT (mixed C57BL/6:FVB),6.5,40,4.3167262628578,-17.690201366004406
WT-2,WT (mixed C57BL/6:FVB),6.5,50,9.98218661877854,-17.702290258561067
WT-2,WT (mixed C57BL/6:FVB),6.5,60,22.0004034287692,-17.853307202329173
WT-2,WT (mixed C57BL/6:FVB),6.5,70,40.2092260141716,-18.496641985803382
WT-2,WT (mixed C57BL/6:FVB),6.5,80,79.5517802141813,-19.72325746647011
WT-2,WT (mixed C57BL/6:FVB),7,10,NA,NA
WT-2,WT (mixed C57BL/6:FVB),7,20,0.797622110562622,-19.29767729194971
WT-2,WT (mixed C57BL/6:FVB),7,30,1.95926507389941,-20.256515832120247
WT-2,WT (mixed C57BL/6:FVB),7,40,4.40757480012943,-20.465282726960204
WT-2,WT (mixed C57BL/6:FVB),7,50,9.121518890905,-20.356242250276868
WT-2,WT (mixed C57BL/6:FVB),7,60,18.674308912792,-20.267635985529044
WT-2,WT (mixed C57BL/6:FVB),7,70,33.2215024727341,-20.8031310034927
WT-2,WT (mixed C57BL/6:FVB),7,80,50.0284981619183,-22.14019198228543
WT-2,WT (mixed C57BL/6:FVB),7.5,10,NA,NA
WT-2,WT (mixed C57BL/6:FVB),7.5,20,1.2946253278891,-23.493843085418415
WT-2,WT (mixed C57BL/6:FVB),7.5,30,2.37917634872795,-22.61506596778418
WT-2,WT (mixed C57BL/6:FVB),7.5,40,4.51066799452543,-22.556306555153174
WT-2,WT (mixed C57BL/6:FVB),7.5,50,7.39722063296818,-22.06013470947852
WT-2,WT (mixed C57BL/6:FVB),7.5,60,14.2667891523115,-21.848490374068685
WT-2,WT (mixed C57BL/6:FVB),7.5,70,21.7321815793279,-22.330066756848673
WT-2,WT (mixed C57BL/6:FVB),7.5,80,30.0312461616048,-23.727554699344765
WT-2,WT (mixed C57BL/6:FVB),8,10,NA,NA
WT-2,WT (mixed C57BL/6:FVB),8,20,1.16073480555091,-26.6197384630093
WT-2,WT (mixed C57BL/6:FVB),8,30,2.30383729679222,-26.148152047280316
WT-2,WT (mixed C57BL/6:FVB),8,40,3.74845033618094,-25.605918030247636
WT-2,WT (mixed C57BL/6:FVB),8,50,6.00609423275568,-24.89531561158651
WT-2,WT (mixed C57BL/6:FVB),8,60,10.3906708960957,-24.381653085774342
WT-2,WT (mixed C57BL/6:FVB),8,70,16.0397006567086,-24.86130593774434
WT-2,WT (mixed C57BL/6:FVB),8,80,19.9203053717877,-26.18966365582165
WT-2,WT (mixed C57BL/6:FVB),8.5,10,NA,NA
WT-2,WT (mixed C57BL/6:FVB),8.5,20,1.33269511975066,-30.191795400621427
WT-2,WT (mixed C57BL/6:FVB),8.5,30,2.52445898322761,-29.835894406880257
WT-2,WT (mixed C57BL/6:FVB),8.5,40,3.04006468889549,-29.494749241924396
WT-2,WT (mixed C57BL/6:FVB),8.5,50,3.86739996442111,-27.931947098370575
WT-2,WT (mixed C57BL/6:FVB),8.5,60,6.25134438872854,-26.98370481602556
WT-2,WT (mixed C57BL/6:FVB),8.5,70,7.95138946604468,-27.462582161218624
WT-2,WT (mixed C57BL/6:FVB),8.5,80,8.44747832372803,-28.604772612776184
WT-2,WT (mixed C57BL/6:FVB),9,10,NA,NA
WT-2,WT (mixed C57BL/6:FVB),9,20,1.27040572914579,-33.92845191016328
WT-2,WT (mixed C57BL/6:FVB),9,30,2.20755053085077,-33.175464809207206
WT-2,WT (mixed C57BL/6:FVB),9,40,2.06846558478224,-32.521001877841435
WT-2,WT (mixed C57BL/6:FVB),9,50,2.24782110037866,-31.68249202709307
WT-2,WT (mixed C57BL/6:FVB),9,60,2.78628556412952,-29.456872445320947
WT-2,WT (mixed C57BL/6:FVB),9,70,3.13354811044284,-29.591007814101623
WT-2,WT (mixed C57BL/6:FVB),9,80,4.61012559222783,-30.734022363341
WT-2,WT (mixed C57BL/6:FVB),9.5,10,NA,NA
WT-2,WT (mixed C57BL/6:FVB),9.5,20,1.04168595575344,-27.08132410476119
WT-2,WT (mixed C57BL/6:FVB),9.5,30,1.67900816023398,-26.97816666251161
WT-2,WT (mixed C57BL/6:FVB),9.5,40,2.04683276874893,-26.68183762312595
WT-2,WT (mixed C57BL/6:FVB),9.5,50,1.92112055730246,-26.356674261543816
WT-2,WT (mixed C57BL/6:FVB),9.5,60,1.56480892584331,-26.79159448104827
WT-2,WT (mixed C57BL/6:FVB),9.5,70,2.57063614722248,-27.374908479125267
WT-2,WT (mixed C57BL/6:FVB),9.5,80,1.66291801734778,-28.389211176292612
WT-2,WT (mixed C57BL/6:FVB),10,10,NA,NA
WT-2,WT (mixed C57BL/6:FVB),10,20,NA,NA
WT-2,WT (mixed C57BL/6:FVB),10,30,0.80634404394844,-30.5858641915478
WT-2,WT (mixed C57BL/6:FVB),10,40,1.36369622569684,-30.708254670930852
WT-2,WT (mixed C57BL/6:FVB),10,50,1.75255146779074,-30.002190578517983
WT-2,WT (mixed C57BL/6:FVB),10,60,1.90973959243439,-29.702405763340707
WT-2,WT (mixed C57BL/6:FVB),10,70,2.14972821227295,-30.323813099478993
WT-2,WT (mixed C57BL/6:FVB),10,80,2.1815284092512,-31.937125412932524
WT-2,WT (mixed C57BL/6:FVB),10.5,10,NA,NA
WT-2,WT (mixed C57BL/6:FVB),10.5,20,NA,NA
WT-2,WT (mixed C57BL/6:FVB),10.5,30,NA,NA
WT-2,WT (mixed C57BL/6:FVB),10.5,40,NA,NA
WT-2,WT (mixed C57BL/6:FVB),10.5,50,0.889047268051742,-32.03287485056767
WT-2,WT (mixed C57BL/6:FVB),10.5,60,1.22224709136878,-31.77051031817192
WT-2,WT (mixed C57BL/6:FVB),10.5,70,1.47245686174652,-32.42045475682437
WT-2,WT (mixed C57BL/6:FVB),10.5,80,1.23775262635385,-34.080837813795576
WT-2,WT (mixed C57BL/6:FVB),11,10,NA,NA
WT-2,WT (mixed C57BL/6:FVB),11,20,NA,NA
WT-2,WT (mixed C57BL/6:FVB),11,30,NA,NA
WT-2,WT (mixed C57BL/6:FVB),11,40,NA,NA
WT-2,WT (mixed C57BL/6:FVB),11,50,NA,NA
WT-2,WT (mixed C57BL/6:FVB),11,60,NA,NA
WT-2,WT (mixed C57BL/6:FVB),11,70,NA,NA
WT-2,WT (mixed C57BL/6:FVB),11,80,NA,NA
WT-2,WT (mixed C57BL/6:FVB),11.5,10,NA,NA
WT-2,WT (mixed C57BL/6:FVB),11.5,20,NA,NA
WT-2,WT (mixed C57BL/6:FVB),11.5,30,NA,NA
WT-2,WT (mixed C57BL/6:FVB),11.5,40,NA,NA
WT-2,WT (mixed C57BL/6:FVB),11.5,50,NA,NA
WT-2,WT (mixed C57BL/6:FVB),11.5,60,NA,NA
WT-2,WT (mixed C57BL/6:FVB),11.5,70,NA,NA
WT-2,WT (mixed C57BL/6:FVB),11.5,80,NA,NA
WT-2,WT (mixed C57BL/6:FVB),12,10,NA,NA
WT-2,WT (mixed C57BL/6:FVB),12,20,NA,NA
WT-2,WT (mixed C57BL/6:FVB),12,30,NA,NA
WT-2,WT (mixed C57BL/6:FVB),12,40,NA,NA
WT-2,WT (mixed C57BL/6:FVB),12,50,NA,NA
WT-2,WT (mixed C57BL/6:FVB),12,60,NA,NA
WT-2,WT (mixed C57BL/6:FVB),12,70,NA,NA
WT-2,WT (mixed C57BL/6:FVB),12,80,NA,NA
WT-2,WT (mixed C57BL/6:FVB),12.5,10,NA,NA
WT-2,WT (mixed C57BL/6:FVB),12.5,20,NA,NA
WT-2,WT (mixed C57BL/6:FVB),12.5,30,NA,NA
WT-2,WT (mixed C57BL/6:FVB),12.5,40,NA,NA
WT-2,WT (mixed C57BL/6:FVB),12.5,50,NA,NA
WT-2,WT (mixed C57BL/6:FVB),12.5,60,NA,NA
WT-2,WT (mixed C57BL/6:FVB),12.5,70,NA,NA
WT-2,WT (mixed C57BL/6:FVB),12.5,80,NA,NA
WT-2,WT (mixed C57BL/6:FVB),13,10,NA,NA
WT-2,WT (mixed C57BL/6:FVB),13,20,NA,NA
WT-2,WT (mixed C57BL/6:FVB),13,30,NA,NA
WT-2,WT (mixed C57BL/6:FVB),13,40,NA,NA
WT-2,WT (mixed C57BL/6:FVB),13,50,NA,NA
WT-2,WT (mixed C57BL/6:FVB),13,60,NA,NA
WT-2,WT (mixed C57BL/6:FVB),13,70,NA,NA
WT-2,WT (mixed C57BL/6:FVB),13,80,NA,NA
WT-2,WT (mixed C57BL/6:FVB),13.5,10,NA,NA
WT-2,WT (mixed C57BL/6:FVB),13.5,20,NA,NA
WT-2,WT (mixed C57BL/6:FVB),13.5,30,NA,NA
WT-2,WT (mixed C57BL/6:FVB),13.5,40,NA,NA
WT-2,WT (mixed C57BL/6:FVB),13.5,50,NA,NA
WT-2,WT (mixed C57BL/6:FVB),13.5,60,NA,NA
WT-2,WT (mixed C57BL/6:FVB),13.5,70,NA,NA
WT-2,WT (mixed C57BL/6:FVB),13.5,80,NA,NA
WT-2,WT (mixed C57BL/6:FVB),14,10,NA,NA
WT-2,WT (mixed C57BL/6:FVB),14,20,NA,NA
WT-2,WT (mixed C57BL/6:FVB),14,30,NA,NA
WT-2,WT (mixed C57BL/6:FVB),14,40,NA,NA
WT-2,WT (mixed C57BL/6:FVB),14,50,NA,NA
WT-2,WT (mixed C57BL/6:FVB),14,60,NA,NA
WT-2,WT (mixed C57BL/6:FVB),14,70,0.89149867392863,-39.56919959788336
WT-2,WT (mixed C57BL/6:FVB),14,80,NA,NA
WT-3,WT (mixed C57BL/6:FVB),2,10,NA,NA
WT-3,WT (mixed C57BL/6:FVB),2,20,NA,NA
WT-3,WT (mixed C57BL/6:FVB),2,30,NA,NA
WT-3,WT (mixed C57BL/6:FVB),2,40,NA,NA
WT-3,WT (mixed C57BL/6:FVB),2,50,1.29114859437092,0.9181314427638984
WT-3,WT (mixed C57BL/6:FVB),2,60,3.30241661878617,0.5362234346036904
WT-3,WT (mixed C57BL/6:FVB),2,70,8.09519041252613,0.4086528952407102
WT-3,WT (mixed C57BL/6:FVB),2,80,25.1003347762787,-0.11563402165445276
WT-3,WT (mixed C57BL/6:FVB),2.5,10,NA,NA
WT-3,WT (mixed C57BL/6:FVB),2.5,20,NA,NA
WT-3,WT (mixed C57BL/6:FVB),2.5,30,NA,NA
WT-3,WT (mixed C57BL/6:FVB),2.5,40,NA,NA
WT-3,WT (mixed C57BL/6:FVB),2.5,50,1.69150568800868,-0.5791398060745623
WT-3,WT (mixed C57BL/6:FVB),2.5,60,5.72653931916587,-0.24950992292022436
WT-3,WT (mixed C57BL/6:FVB),2.5,70,10.535065875975,-1.286915122124168
WT-3,WT (mixed C57BL/6:FVB),2.5,80,25.2645791323264,-0.8268903803058295
WT-3,WT (mixed C57BL/6:FVB),3,10,NA,NA
WT-3,WT (mixed C57BL/6:FVB),3,20,NA,NA
WT-3,WT (mixed C57BL/6:FVB),3,30,NA,NA
WT-3,WT (mixed C57BL/6:FVB),3,40,0.948497152801174,-1.93813806633008
WT-3,WT (mixed C57BL/6:FVB),3,50,2.97024954443805,-2.280894511543361
WT-3,WT (mixed C57BL/6:FVB),3,60,7.22631648198627,-1.6737866131932628
WT-3,WT (mixed C57BL/6:FVB),3,70,16.431196150631,-2.3965227603954826
WT-3,WT (mixed C57BL/6:FVB),3,80,60.7060448212556,-3.178035318845867
WT-3,WT (mixed C57BL/6:FVB),3.5,10,NA,NA
WT-3,WT (mixed C57BL/6:FVB),3.5,20,NA,NA
WT-3,WT (mixed C57BL/6:FVB),3.5,30,NA,NA
WT-3,WT (mixed C57BL/6:FVB),3.5,40,1.55669353016293,-3.86096482839132
WT-3,WT (mixed C57BL/6:FVB),3.5,50,4.2610090154786,-3.968633455179011
WT-3,WT (mixed C57BL/6:FVB),3.5,60,9.16877603370834,-4.223290611106683
WT-3,WT (mixed C57BL/6:FVB),3.5,70,25.9703848959065,-4.504931095329633
WT-3,WT (mixed C57BL/6:FVB),3.5,80,94.8437721094339,-5.152273139086419
WT-3,WT (mixed C57BL/6:FVB),4,10,NA,NA
WT-3,WT (mixed C57BL/6:FVB),4,20,NA,NA
WT-3,WT (mixed C57BL/6:FVB),4,30,0.736954339297473,-6.114133229285603
WT-3,WT (mixed C57BL/6:FVB),4,40,2.16605590773431,-6.235248894330522
WT-3,WT (mixed C57BL/6:FVB),4,50,6.81629845089274,-6.0651008864667695
WT-3,WT (mixed C57BL/6:FVB),4,60,15.7203372210943,-6.26999171195922
WT-3,WT (mixed C57BL/6:FVB),4,70,38.3839111251901,-6.651128933570082
WT-3,WT (mixed C57BL/6:FVB),4,80,131.120507754477,-6.77987669987305
WT-3,WT (mixed C57BL/6:FVB),4.5,10,NA,NA
WT-3,WT (mixed C57BL/6:FVB),4.5,20,NA,NA
WT-3,WT (mixed C57BL/6:FVB),4.5,30,0.939502380060555,-7.986437031437206
WT-3,WT (mixed C57BL/6:FVB),4.5,40,2.84173697053398,-7.623022541402042
WT-3,WT (mixed C57BL/6:FVB),4.5,50,8.49199461323277,-7.779155846966888
WT-3,WT (mixed C57BL/6:FVB),4.5,60,19.9158129020444,-8.167423067664679
WT-3,WT (mixed C57BL/6:FVB),4.5,70,57.4415255119923,-8.72453731645858
WT-3,WT (mixed C57BL/6:FVB),4.5,80,167.659942546203,-9.494199861153492
WT-3,WT (mixed C57BL/6:FVB),5,10,NA,NA
WT-3,WT (mixed C57BL/6:FVB),5,20,NA,NA
WT-3,WT (mixed C57BL/6:FVB),5,30,1.21398419896016,-10.376508524562428
WT-3,WT (mixed C57BL/6:FVB),5,40,3.37542492222233,-10.479803523742596
WT-3,WT (mixed C57BL/6:FVB),5,50,9.58735343551907,-10.549218795715888
WT-3,WT (mixed C57BL/6:FVB),5,60,23.9666747601455,-10.823277400593826
WT-3,WT (mixed C57BL/6:FVB),5,70,67.7837637655145,-11.48276653005645
WT-3,WT (mixed C57BL/6:FVB),5,80,156.917453614499,-11.431837499386274
WT-3,WT (mixed C57BL/6:FVB),5.5,10,NA,NA
WT-3,WT (mixed C57BL/6:FVB),5.5,20,NA,NA
WT-3,WT (mixed C57BL/6:FVB),5.5,30,1.75648802425754,-11.696178627722716
WT-3,WT (mixed C57BL/6:FVB),5.5,40,4.06177332367853,-12.52276512730122
WT-3,WT (mixed C57BL/6:FVB),5.5,50,11.0332958947114,-11.998920076732476
WT-3,WT (mixed C57BL/6:FVB),5.5,60,25.3409222520068,-12.997694174938884
WT-3,WT (mixed C57BL/6:FVB),5.5,70,61.0330197633515,-13.895119535947297
WT-3,WT (mixed C57BL/6:FVB),5.5,80,144.66395175584,-13.865553009830474
WT-3,WT (mixed C57BL/6:FVB),6,10,NA,NA
WT-3,WT (mixed C57BL/6:FVB),6,20,NA,NA
WT-3,WT (mixed C57BL/6:FVB),6,30,1.59914983695531,-13.775662007492423
WT-3,WT (mixed C57BL/6:FVB),6,40,4.92110123434888,-14.04592233749204
WT-3,WT (mixed C57BL/6:FVB),6,50,12.1689917428167,-14.116721357734656
WT-3,WT (mixed C57BL/6:FVB),6,60,26.4667018867709,-14.487252103988888
WT-3,WT (mixed C57BL/6:FVB),6,70,67.0738166892967,-15.34836632900388
WT-3,WT (mixed C57BL/6:FVB),6,80,137.040395424931,-16.160141489890034
WT-3,WT (mixed C57BL/6:FVB),6.5,10,NA,NA
WT-3,WT (mixed C57BL/6:FVB),6.5,20,NA,NA
WT-3,WT (mixed C57BL/6:FVB),6.5,30,1.80672993000683,-16.105865072085052
WT-3,WT (mixed C57BL/6:FVB),6.5,40,5.02785817539417,-16.06347940288676
WT-3,WT (mixed C57BL/6:FVB),6.5,50,12.2992752390155,-16.41602303911019
WT-3,WT (mixed C57BL/6:FVB),6.5,60,25.3667559354435,-16.735480223368004
WT-3,WT (mixed C57BL/6:FVB),6.5,70,50.1772958917374,-17.697775279341194
WT-3,WT (mixed C57BL/6:FVB),6.5,80,97.3974979503542,-18.67585050894116
WT-3,WT (mixed C57BL/6:FVB),7,10,NA,NA
WT-3,WT (mixed C57BL/6:FVB),7,20,NA,NA
WT-3,WT (mixed C57BL/6:FVB),7,30,2.45042775633238,-17.46764682244441
WT-3,WT (mixed C57BL/6:FVB),7,40,6.11140957546015,-18.482331692135443
WT-3,WT (mixed C57BL/6:FVB),7,50,13.6535152458414,-18.58828865752459
WT-3,WT (mixed C57BL/6:FVB),7,60,25.7107341327266,-18.894285607585736
WT-3,WT (mixed C57BL/6:FVB),7,70,43.5295968471679,-19.76528073922679
WT-3,WT (mixed C57BL/6:FVB),7,80,74.6914540003403,-20.29889660533604
WT-3,WT (mixed C57BL/6:FVB),7.5,10,NA,NA
WT-3,WT (mixed C57BL/6:FVB),7.5,20,1.21312825911771,-19.475814263303548
WT-3,WT (mixed C57BL/6:FVB),7.5,30,3.24531073705825,-19.7651969653787
WT-3,WT (mixed C57BL/6:FVB),7.5,40,7.49491009483779,-19.933817296059573
WT-3,WT (mixed C57BL/6:FVB),7.5,50,15.0551598398822,-20.29223733184861
WT-3,WT (mixed C57BL/6:FVB),7.5,60,23.9348456284419,-20.42313761531025
WT-3,WT (mixed C57BL/6:FVB),7.5,70,41.9283153125507,-21.169453382122732
WT-3,WT (mixed C57BL/6:FVB),7.5,80,58.1872867049004,-22.678590951624532
WT-3,WT (mixed C57BL/6:FVB),8,10,NA,NA
WT-3,WT (mixed C57BL/6:FVB),8,20,1.67862942904924,-22.027281688847516
WT-3,WT (mixed C57BL/6:FVB),8,30,3.95748608231906,-22.015011619785945
WT-3,WT (mixed C57BL/6:FVB),8,40,8.67574180007177,-22.262779830604785
WT-3,WT (mixed C57BL/6:FVB),8,50,15.0673464094419,-22.425335961446645
WT-3,WT (mixed C57BL/6:FVB),8,60,22.8721698801821,-22.654359508567353
WT-3,WT (mixed C57BL/6:FVB),8,70,31.8244811719277,-23.3886853665958
WT-3,WT (mixed C57BL/6:FVB),8,80,37.5040913076689,-25.046198310616536
WT-3,WT (mixed C57BL/6:FVB),8.5,10,0.791987828066558,-25.328580282289092
WT-3,WT (mixed C57BL/6:FVB),8.5,20,1.9865139777639,-24.840780831390973
WT-3,WT (mixed C57BL/6:FVB),8.5,30,4.55949661861869,-24.182453220641182
WT-3,WT (mixed C57BL/6:FVB),8.5,40,7.69963029758522,-25.02375640611777
WT-3,WT (mixed C57BL/6:FVB),8.5,50,13.3852373815055,-24.967553080904615
WT-3,WT (mixed C57BL/6:FVB),8.5,60,19.5783513905974,-24.636753828709217
WT-3,WT (mixed C57BL/6:FVB),8.5,70,22.3069647874934,-25.54861510238423
WT-3,WT (mixed C57BL/6:FVB),8.5,80,25.8847097593967,-27.096781121428677
WT-3,WT (mixed C57BL/6:FVB),9,10,1.24655781638837,-27.068541214170803
WT-3,WT (mixed C57BL/6:FVB),9,20,2.79955171261649,-27.048931392773827
WT-3,WT (mixed C57BL/6:FVB),9,30,6.60225105614731,-26.93146742476745
WT-3,WT (mixed C57BL/6:FVB),9,40,9.47269877793235,-26.70203150584197
WT-3,WT (mixed C57BL/6:FVB),9,50,12.6680491978428,-26.534637846286625
WT-3,WT (mixed C57BL/6:FVB),9,60,15.4076356266676,-26.72781334548474
WT-3,WT (mixed C57BL/6:FVB),9,70,16.5626571262126,-27.438113018819905
WT-3,WT (mixed C57BL/6:FVB),9,80,17.6779437680708,-29.044714041622015
WT-3,WT (mixed C57BL/6:FVB),9.5,10,1.58400910694731,-30.86231917733568
WT-3,WT (mixed C57BL/6:FVB),9.5,20,3.34677376620602,-30.77477915401183
WT-3,WT (mixed C57BL/6:FVB),9.5,30,4.61905791352933,-30.400893102407103
WT-3,WT (mixed C57BL/6:FVB),9.5,40,6.05344856817814,-30.118697406695105
WT-3,WT (mixed C57BL/6:FVB),9.5,50,8.38784887252221,-29.75278243265971
WT-3,WT (mixed C57BL/6:FVB),9.5,60,10.3491102540217,-29.57660276794025
WT-3,WT (mixed C57BL/6:FVB),9.5,70,12.0601064037077,-30.251965564337105
WT-3,WT (mixed C57BL/6:FVB),9.5,80,12.6770676234152,-31.88798766540614
WT-3,WT (mixed C57BL/6:FVB),10,10,1.24534546423585,-35.179553872555566
WT-3,WT (mixed C57BL/6:FVB),10,20,2.43154334934056,-34.999217166120374
WT-3,WT (mixed C57BL/6:FVB),10,30,3.16887359998254,-34.538911840560345
WT-3,WT (mixed C57BL/6:FVB),10,40,3.60229068095441,-33.99361789887069
WT-3,WT (mixed C57BL/6:FVB),10,50,4.89854037734427,-33.339403865287515
WT-3,WT (mixed C57BL/6:FVB),10,60,5.78063225247119,-33.05325266779075
WT-3,WT (mixed C57BL/6:FVB),10,70,6.48495680756005,-33.59948681618682
WT-3,WT (mixed C57BL/6:FVB),10,80,6.85946927005913,-34.36360020228351
WT-3,WT (mixed C57BL/6:FVB),10.5,10,1.19489063245461,-40.24268338943764
WT-3,WT (mixed C57BL/6:FVB),10.5,20,1.17074665169702,-40.133617466589016
WT-3,WT (mixed C57BL/6:FVB),10.5,30,1.59616656437509,-39.58540721048437
WT-3,WT (mixed C57BL/6:FVB),10.5,40,1.42737445578271,-37.644659612744995
WT-3,WT (mixed C57BL/6:FVB),10.5,50,1.56288993622046,-36.63083787965006
WT-3,WT (mixed C57BL/6:FVB),10.5,60,2.33077502389824,-36.68076767229723
WT-3,WT (mixed C57BL/6:FVB),10.5,70,1.85374811369935,-36.249214483827664
WT-3,WT (mixed C57BL/6:FVB),10.5,80,1.72487982904819,-37.504053336018615
WT-3,WT (mixed C57BL/6:FVB),11,10,NA,NA
WT-3,WT (mixed C57BL/6:FVB),11,20,0.923078785056965,-45.08040039189508
WT-3,WT (mixed C57BL/6:FVB),11,30,1.05783577042512,-44.61047992710104
WT-3,WT (mixed C57BL/6:FVB),11,40,NA,NA
WT-3,WT (mixed C57BL/6:FVB),11,50,NA,NA
WT-3,WT (mixed C57BL/6:FVB),11,60,NA,NA
WT-3,WT (mixed C57BL/6:FVB),11,70,NA,NA
WT-3,WT (mixed C57BL/6:FVB),11,80,NA,NA
WT-3,WT (mixed C57BL/6:FVB),11.5,10,NA,NA
WT-3,WT (mixed C57BL/6:FVB),11.5,20,NA,NA
WT-3,WT (mixed C57BL/6:FVB),11.5,30,NA,NA
WT-3,WT (mixed C57BL/6:FVB),11.5,40,NA,NA
WT-3,WT (mixed C57BL/6:FVB),11.5,50,0.999635562207266,-39.88969118957835
WT-3,WT (mixed C57BL/6:FVB),11.5,60,NA,NA
WT-3,WT (mixed C57BL/6:FVB),11.5,70,NA,NA
WT-3,WT (mixed C57BL/6:FVB),11.5,80,NA,NA
WT-3,WT (mixed C57BL/6:FVB),12,10,NA,NA
WT-3,WT (mixed C57BL/6:FVB),12,20,NA,NA
WT-3,WT (mixed C57BL/6:FVB),12,30,NA,NA
WT-3,WT (mixed C57BL/6:FVB),12,40,NA,NA
WT-3,WT (mixed C57BL/6:FVB),12,50,NA,NA
WT-3,WT (mixed C57BL/6:FVB),12,60,NA,NA
WT-3,WT (mixed C57BL/6:FVB),12,70,0.913729993830644,-33.244759976238605
WT-3,WT (mixed C57BL/6:FVB),12,80,0.915915671930642,-36.123262360963494
WT-3,WT (mixed C57BL/6:FVB),12.5,10,NA,NA
WT-3,WT (mixed C57BL/6:FVB),12.5,20,NA,NA
WT-3,WT (mixed C57BL/6:FVB),12.5,30,NA,NA
WT-3,WT (mixed C57BL/6:FVB),12.5,40,NA,NA
WT-3,WT (mixed C57BL/6:FVB),12.5,50,NA,NA
WT-3,WT (mixed C57BL/6:FVB),12.5,60,NA,NA
WT-3,WT (mixed C57BL/6:FVB),12.5,70,NA,NA
WT-3,WT (mixed C57BL/6:FVB),12.5,80,NA,NA
WT-3,WT (mixed C57BL/6:FVB),13,10,NA,NA
WT-3,WT (mixed C57BL/6:FVB),13,20,NA,NA
WT-3,WT (mixed C57BL/6:FVB),13,30,NA,NA
WT-3,WT (mixed C57BL/6:FVB),13,40,NA,NA
WT-3,WT (mixed C57BL/6:FVB),13,50,NA,NA
WT-3,WT (mixed C57BL/6:FVB),13,60,NA,NA
WT-3,WT (mixed C57BL/6:FVB),13,70,NA,NA
WT-3,WT (mixed C57BL/6:FVB),13,80,NA,NA
WT-3,WT (mixed C57BL/6:FVB),13.5,10,NA,NA
WT-3,WT (mixed C57BL/6:FVB),13.5,20,NA,NA
WT-3,WT (mixed C57BL/6:FVB),13.5,30,NA,NA
WT-3,WT (mixed C57BL/6:FVB),13.5,40,NA,NA
WT-3,WT (mixed C57BL/6:FVB),13.5,50,NA,NA
WT-3,WT (mixed C57BL/6:FVB),13.5,60,NA,NA
WT-3,WT (mixed C57BL/6:FVB),13.5,70,NA,NA
WT-3,WT (mixed C57BL/6:FVB),13.5,80,NA,NA
WT-3,WT (mixed C57BL/6:FVB),14,10,NA,NA
WT-3,WT (mixed C57BL/6:FVB),14,20,NA,NA
WT-3,WT (mixed C57BL/6:FVB),14,30,NA,NA
WT-3,WT (mixed C57BL/6:FVB),14,40,NA,NA
WT-3,WT (mixed C57BL/6:FVB),14,50,NA,NA
WT-3,WT (mixed C57BL/6:FVB),14,60,NA,NA
WT-3,WT (mixed C57BL/6:FVB),14,70,NA,NA
WT-3,WT (mixed C57BL/6:FVB),14,80,NA,NA
WT-4,WT (mixed C57BL/6:FVB),2,10,NA,NA
WT-4,WT (mixed C57BL/6:FVB),2,20,NA,NA
WT-4,WT (mixed C57BL/6:FVB),2,30,NA,NA
WT-4,WT (mixed C57BL/6:FVB),2,40,NA,NA
WT-4,WT (mixed C57BL/6:FVB),2,50,0.713021969674356,0.16676268265662847
WT-4,WT (mixed C57BL/6:FVB),2,60,1.67175931970352,0.6127867637751738
WT-4,WT (mixed C57BL/6:FVB),2,70,5.88809678691944,-0.20576050891934955
WT-4,WT (mixed C57BL/6:FVB),2,80,15.442542221537,-0.2994224648959566
WT-4,WT (mixed C57BL/6:FVB),2.5,10,NA,NA
WT-4,WT (mixed C57BL/6:FVB),2.5,20,NA,NA
WT-4,WT (mixed C57BL/6:FVB),2.5,30,NA,NA
WT-4,WT (mixed C57BL/6:FVB),2.5,40,NA,NA
WT-4,WT (mixed C57BL/6:FVB),2.5,50,1.11934184034307,-1.1011481340836984
WT-4,WT (mixed C57BL/6:FVB),2.5,60,3.21084007857778,-1.476523935158725
WT-4,WT (mixed C57BL/6:FVB),2.5,70,8.63639256473965,-1.0386190649308231
WT-4,WT (mixed C57BL/6:FVB),2.5,80,19.1910475488535,-0.8460396806776425
WT-4,WT (mixed C57BL/6:FVB),3,10,NA,NA
WT-4,WT (mixed C57BL/6:FVB),3,20,NA,NA
WT-4,WT (mixed C57BL/6:FVB),3,30,NA,NA
WT-4,WT (mixed C57BL/6:FVB),3,40,NA,NA
WT-4,WT (mixed C57BL/6:FVB),3,50,1.78396396098121,-2.4449085847898187
WT-4,WT (mixed C57BL/6:FVB),3,60,5.80253104798199,-2.8133293780363338
WT-4,WT (mixed C57BL/6:FVB),3,70,12.1522317825371,-2.615002416795867
WT-4,WT (mixed C57BL/6:FVB),3,80,37.0074469501374,-3.0647566977422005
WT-4,WT (mixed C57BL/6:FVB),3.5,10,NA,NA
WT-4,WT (mixed C57BL/6:FVB),3.5,20,NA,NA
WT-4,WT (mixed C57BL/6:FVB),3.5,30,NA,NA
WT-4,WT (mixed C57BL/6:FVB),3.5,40,0.965792042249688,-4.776956926753901
WT-4,WT (mixed C57BL/6:FVB),3.5,50,2.82981882067032,-3.820567974374255
WT-4,WT (mixed C57BL/6:FVB),3.5,60,7.3992819349038,-4.374976759969733
WT-4,WT (mixed C57BL/6:FVB),3.5,70,18.5786189520813,-4.985132310542671
WT-4,WT (mixed C57BL/6:FVB),3.5,80,48.6095471768268,-5.232686075789744
WT-4,WT (mixed C57BL/6:FVB),4,10,NA,NA
WT-4,WT (mixed C57BL/6:FVB),4,20,NA,NA
WT-4,WT (mixed C57BL/6:FVB),4,30,NA,NA
WT-4,WT (mixed C57BL/6:FVB),4,40,1.80684634925308,-6.799144627017728
WT-4,WT (mixed C57BL/6:FVB),4,50,4.06367721460408,-6.424575957577526
WT-4,WT (mixed C57BL/6:FVB),4,60,9.03011499186126,-6.35456688459687
WT-4,WT (mixed C57BL/6:FVB),4,70,23.278975145648,-7.074060720239408
WT-4,WT (mixed C57BL/6:FVB),4,80,73.9929634347424,-7.5877044983476125
WT-4,WT (mixed C57BL/6:FVB),4.5,10,NA,NA
WT-4,WT (mixed C57BL/6:FVB),4.5,20,NA,NA
WT-4,WT (mixed C57BL/6:FVB),4.5,30,0.78552839665358,-8.521217250211746
WT-4,WT (mixed C57BL/6:FVB),4.5,40,2.34386084657882,-8.168608014543086
WT-4,WT (mixed C57BL/6:FVB),4.5,50,5.27621149800186,-8.361327455950114
WT-4,WT (mixed C57BL/6:FVB),4.5,60,12.9108851006578,-8.454371829982183
WT-4,WT (mixed C57BL/6:FVB),4.5,70,32.6449625252846,-8.761976669855237
WT-4,WT (mixed C57BL/6:FVB),4.5,80,99.9561652563572,-9.613677688174318
WT-4,WT (mixed C57BL/6:FVB),5,10,NA,NA
WT-4,WT (mixed C57BL/6:FVB),5,20,NA,NA
WT-4,WT (mixed C57BL/6:FVB),5,30,1.0504916209462,-11.0347325666724
WT-4,WT (mixed C57BL/6:FVB),5,40,2.51632298605643,-10.859990229661356
WT-4,WT (mixed C57BL/6:FVB),5,50,6.37941739957752,-10.847936438371493
WT-4,WT (mixed C57BL/6:FVB),5,60,14.2256178939049,-10.992147898384596
WT-4,WT (mixed C57BL/6:FVB),5,70,36.1105958730151,-11.271298805062845
WT-4,WT (mixed C57BL/6:FVB),5,80,106.809314636988,-12.276997956265149
WT-4,WT (mixed C57BL/6:FVB),5.5,10,NA,NA
WT-4,WT (mixed C57BL/6:FVB),5.5,20,NA,NA
WT-4,WT (mixed C57BL/6:FVB),5.5,30,0.986545032917754,-12.606869258772
WT-4,WT (mixed C57BL/6:FVB),5.5,40,3.33846210137936,-13.170985530411569
WT-4,WT (mixed C57BL/6:FVB),5.5,50,8.69603643805781,-13.277826793213215
WT-4,WT (mixed C57BL/6:FVB),5.5,60,17.5067857873533,-13.48848922721018
WT-4,WT (mixed C57BL/6:FVB),5.5,70,41.8266119741717,-13.818636494094797
WT-4,WT (mixed C57BL/6:FVB),5.5,80,112.164425819791,-14.857879437930478
WT-4,WT (mixed C57BL/6:FVB),6,10,NA,NA
WT-4,WT (mixed C57BL/6:FVB),6,20,NA,NA
WT-4,WT (mixed C57BL/6:FVB),6,30,1.14021598274393,-14.54863283896433
WT-4,WT (mixed C57BL/6:FVB),6,40,3.50438000730549,-14.43340587091852
WT-4,WT (mixed C57BL/6:FVB),6,50,9.10489974547432,-14.660267714147023
WT-4,WT (mixed C57BL/6:FVB),6,60,18.58278387581,-14.931255973791792
WT-4,WT (mixed C57BL/6:FVB),6,70,40.871307824036,-15.21546796900208
WT-4,WT (mixed C57BL/6:FVB),6,80,87.8452069692118,-16.48211036641222
WT-4,WT (mixed C57BL/6:FVB),6.5,10,NA,NA
WT-4,WT (mixed C57BL/6:FVB),6.5,20,NA,NA
WT-4,WT (mixed C57BL/6:FVB),6.5,30,1.61933970189502,-16.65809420415801
WT-4,WT (mixed C57BL/6:FVB),6.5,40,4.80706535967147,-16.87776275041415
WT-4,WT (mixed C57BL/6:FVB),6.5,50,10.7817736860867,-16.820812739981758
WT-4,WT (mixed C57BL/6:FVB),6.5,60,20.8713173868297,-17.245528443700717
WT-4,WT (mixed C57BL/6:FVB),6.5,70,40.4217360591601,-17.666538317380926
WT-4,WT (mixed C57BL/6:FVB),6.5,80,72.0284520762139,-18.85291099242818
WT-4,WT (mixed C57BL/6:FVB),7,10,NA,NA
WT-4,WT (mixed C57BL/6:FVB),7,20,NA,NA
WT-4,WT (mixed C57BL/6:FVB),7,30,2.76716496485205,-18.57879593746702
WT-4,WT (mixed C57BL/6:FVB),7,40,5.91607468332208,-18.817943082497248
WT-4,WT (mixed C57BL/6:FVB),7,50,11.8063756998389,-19.09793980515571
WT-4,WT (mixed C57BL/6:FVB),7,60,19.4267688912205,-19.25699511554157
WT-4,WT (mixed C57BL/6:FVB),7,70,32.1538947794638,-19.724539266155915
WT-4,WT (mixed C57BL/6:FVB),7,80,49.0506425861417,-21.02285861922034
WT-4,WT (mixed C57BL/6:FVB),7.5,10,NA,NA
WT-4,WT (mixed C57BL/6:FVB),7.5,20,1.57808390467567,-21.021509517109266
WT-4,WT (mixed C57BL/6:FVB),7.5,30,3.97503442146,-20.318376951500873
WT-4,WT (mixed C57BL/6:FVB),7.5,40,9.34072368105291,-20.478542252915556
WT-4,WT (mixed C57BL/6:FVB),7.5,50,13.1913286498018,-20.576851822746924
WT-4,WT (mixed C57BL/6:FVB),7.5,60,22.7083367598198,-20.581086932825222
WT-4,WT (mixed C57BL/6:FVB),7.5,70,32.6080335444395,-21.026255699817693
WT-4,WT (mixed C57BL/6:FVB),7.5,80,40.3205559552861,-22.44800913300684
WT-4,WT (mixed C57BL/6:FVB),8,10,1.42864822373104,-23.533092913878036
WT-4,WT (mixed C57BL/6:FVB),8,20,3.43829642916832,-23.184950606034093
WT-4,WT (mixed C57BL/6:FVB),8,30,8.58907086354542,-23.264691749682623
WT-4,WT (mixed C57BL/6:FVB),8,40,11.0815759188857,-23.28258765370652
WT-4,WT (mixed C57BL/6:FVB),8,50,19.1025271288151,-23.27568130565884
WT-4,WT (mixed C57BL/6:FVB),8,60,23.0672381252781,-23.265063396717903
WT-4,WT (mixed C57BL/6:FVB),8,70,28.1761173047713,-23.531943449749303
WT-4,WT (mixed C57BL/6:FVB),8,80,30.1025491978823,-24.735150358861333
WT-4,WT (mixed C57BL/6:FVB),8.5,10,1.88520140452182,-26.556343360267434
WT-4,WT (mixed C57BL/6:FVB),8.5,20,3.9014327942747,-26.68626550202049
WT-4,WT (mixed C57BL/6:FVB),8.5,30,8.96900363478321,-26.38706064420727
WT-4,WT (mixed C57BL/6:FVB),8.5,40,10.1784871340103,-26.340610531062303
WT-4,WT (mixed C57BL/6:FVB),8.5,50,13.9183367246719,-26.03862171196324
WT-4,WT (mixed C57BL/6:FVB),8.5,60,18.6458341037076,-25.406806125885975
WT-4,WT (mixed C57BL/6:FVB),8.5,70,18.0351324435751,-25.98579433349096
WT-4,WT (mixed C57BL/6:FVB),8.5,80,22.3066542561106,-27.132057282303293
WT-4,WT (mixed C57BL/6:FVB),9,10,1.97054800382333,-30.366720557729312
WT-4,WT (mixed C57BL/6:FVB),9,20,3.98262103207109,-30.40713573151647
WT-4,WT (mixed C57BL/6:FVB),9,30,5.09766467211878,-28.928112096634763
WT-4,WT (mixed C57BL/6:FVB),9,40,7.88572474218178,-29.275597139702153
WT-4,WT (mixed C57BL/6:FVB),9,50,11.9592837102205,-28.712450054107236
WT-4,WT (mixed C57BL/6:FVB),9,60,10.3573586661283,-28.00685420277538
WT-4,WT (mixed C57BL/6:FVB),9,70,11.6113143151574,-28.356493174320672
WT-4,WT (mixed C57BL/6:FVB),9,80,10.9760413280211,-29.74144777825436
WT-4,WT (mixed C57BL/6:FVB),9.5,10,1.61087313581561,-34.52485834698673
WT-4,WT (mixed C57BL/6:FVB),9.5,20,2.7375782028285,-34.46752329589249
WT-4,WT (mixed C57BL/6:FVB),9.5,30,3.50040080683246,-33.0326137569215
WT-4,WT (mixed C57BL/6:FVB),9.5,40,4.03053334251316,-32.5876301598146
WT-4,WT (mixed C57BL/6:FVB),9.5,50,4.49030138848431,-31.660181806272753
WT-4,WT (mixed C57BL/6:FVB),9.5,60,5.82718036161408,-31.213626865703997
WT-4,WT (mixed C57BL/6:FVB),9.5,70,6.38586404368551,-31.347245840425355
WT-4,WT (mixed C57BL/6:FVB),9.5,80,6.85772670387105,-32.71997621494098
WT-4,WT (mixed C57BL/6:FVB),10,10,0.926860674946815,-38.608323782544545
WT-4,WT (mixed C57BL/6:FVB),10,20,1.78458003319955,-37.98662245662156
WT-4,WT (mixed C57BL/6:FVB),10,30,1.73650890000368,-37.821570450549395
WT-4,WT (mixed C57BL/6:FVB),10,40,1.95860111362469,-37.198705429959766
WT-4,WT (mixed C57BL/6:FVB),10,50,1.92179084430358,-35.90132114687924
WT-4,WT (mixed C57BL/6:FVB),10,60,2.37059966038259,-34.49825480224887
WT-4,WT (mixed C57BL/6:FVB),10,70,2.86114531594006,-35.10020702707976
WT-4,WT (mixed C57BL/6:FVB),10,80,2.64716401062705,-36.43255685308808
WT-4,WT (mixed C57BL/6:FVB),10.5,10,NA,NA
WT-4,WT (mixed C57BL/6:FVB),10.5,20,0.98304098371284,-32.52557072856117
WT-4,WT (mixed C57BL/6:FVB),10.5,30,1.09321013050774,-31.64332161070583
WT-4,WT (mixed C57BL/6:FVB),10.5,40,1.12642948986328,-31.255930464660963
WT-4,WT (mixed C57BL/6:FVB),10.5,50,0.988088754642921,-30.487397257655257
WT-4,WT (mixed C57BL/6:FVB),10.5,60,0.966489805694048,-31.129941467662135
WT-4,WT (mixed C57BL/6:FVB),10.5,70,NA,NA
WT-4,WT (mixed C57BL/6:FVB),10.5,80,0.931004907917103,-31.880164906898845
WT-4,WT (mixed C57BL/6:FVB),11,10,NA,NA
WT-4,WT (mixed C57BL/6:FVB),11,20,NA,NA
WT-4,WT (mixed C57BL/6:FVB),11,30,NA,NA
WT-4,WT (mixed C57BL/6:FVB),11,40,NA,NA
WT-4,WT (mixed C57BL/6:FVB),11,50,0.756834495202249,-34.45494945783025
WT-4,WT (mixed C57BL/6:FVB),11,60,0.808764517457979,-35.45587984333854
WT-4,WT (mixed C57BL/6:FVB),11,70,0.761576053278613,-34.50985849702186
WT-4,WT (mixed C57BL/6:FVB),11,80,0.708226937486791,-36.021151664183776
WT-4,WT (mixed C57BL/6:FVB),11.5,10,NA,NA
WT-4,WT (mixed C57BL/6:FVB),11.5,20,NA,NA
WT-4,WT (mixed C57BL/6:FVB),11.5,30,NA,NA
WT-4,WT (mixed C57BL/6:FVB),11.5,40,NA,NA
WT-4,WT (mixed C57BL/6:FVB),11.5,50,NA,NA
WT-4,WT (mixed C57BL/6:FVB),11.5,60,NA,NA
WT-4,WT (mixed C57BL/6:FVB),11.5,70,NA,NA
WT-4,WT (mixed C57BL/6:FVB),11.5,80,NA,NA
WT-4,WT (mixed C57BL/6:FVB),12,10,NA,NA
WT-4,WT (mixed C57BL/6:FVB),12,20,NA,NA
WT-4,WT (mixed C57BL/6:FVB),12,30,NA,NA
WT-4,WT (mixed C57BL/6:FVB),12,40,NA,NA
WT-4,WT (mixed C57BL/6:FVB),12,50,NA,NA
WT-4,WT (mixed C57BL/6:FVB),12,60,NA,NA
WT-4,WT (mixed C57BL/6:FVB),12,70,NA,NA
WT-4,WT (mixed C57BL/6:FVB),12,80,NA,NA
WT-4,WT (mixed C57BL/6:FVB),12.5,10,NA,NA
WT-4,WT (mixed C57BL/6:FVB),12.5,20,NA,NA
WT-4,WT (mixed C57BL/6:FVB),12.5,30,NA,NA
WT-4,WT (mixed C57BL/6:FVB),12.5,40,NA,NA
WT-4,WT (mixed C57BL/6:FVB),12.5,50,NA,NA
WT-4,WT (mixed C57BL/6:FVB),12.5,60,NA,NA
WT-4,WT (mixed C57BL/6:FVB),12.5,70,NA,NA
WT-4,WT (mixed C57BL/6:FVB),12.5,80,NA,NA
WT-4,WT (mixed C57BL/6:FVB),13,10,NA,NA
WT-4,WT (mixed C57BL/6:FVB),13,20,NA,NA
WT-4,WT (mixed C57BL/6:FVB),13,30,NA,NA
WT-4,WT (mixed C57BL/6:FVB),13,40,NA,NA
WT-4,WT (mixed C57BL/6:FVB),13,50,NA,NA
WT-4,WT (mixed C57BL/6:FVB),13,60,NA,NA
WT-4,WT (mixed C57BL/6:FVB),13,70,NA,NA
WT-4,WT (mixed C57BL/6:FVB),13,80,NA,NA
WT-4,WT (mixed C57BL/6:FVB),13.5,10,NA,NA
WT-4,WT (mixed C57BL/6:FVB),13.5,20,NA,NA
WT-4,WT (mixed C57BL/6:FVB),13.5,30,NA,NA
WT-4,WT (mixed C57BL/6:FVB),13.5,40,NA,NA
WT-4,WT (mixed C57BL/6:FVB),13.5,50,NA,NA
WT-4,WT (mixed C57BL/6:FVB),13.5,60,NA,NA
WT-4,WT (mixed C57BL/6:FVB),13.5,70,NA,NA
WT-4,WT (mixed C57BL/6:FVB),13.5,80,NA,NA
WT-4,WT (mixed C57BL/6:FVB),14,10,NA,NA
WT-4,WT (mixed C57BL/6:FVB),14,20,NA,NA
WT-4,WT (mixed C57BL/6:FVB),14,30,NA,NA
WT-4,WT (mixed C57BL/6:FVB),14,40,NA,NA
WT-4,WT (mixed C57BL/6:FVB),14,50,NA,NA
WT-4,WT (mixed C57BL/6:FVB),14,60,NA,NA
WT-4,WT (mixed C57BL/6:FVB),14,70,NA,NA
WT-4,WT (mixed C57BL/6:FVB),14,80,NA,NA
WT-5,WT (mixed C57BL/6:FVB),2,10,NA,NA
WT-5,WT (mixed C57BL/6:FVB),2,20,NA,NA
WT-5,WT (mixed C57BL/6:FVB),2,30,NA,NA
WT-5,WT (mixed C57BL/6:FVB),2,40,NA,NA
WT-5,WT (mixed C57BL/6:FVB),2,50,1.04948388365736,0.9883537010243733
WT-5,WT (mixed C57BL/6:FVB),2,60,2.00679139311095,-0.2557338416245231
WT-5,WT (mixed C57BL/6:FVB),2,70,7.64626256618637,0.3545905300447975
WT-5,WT (mixed C57BL/6:FVB),2,80,28.1894645506642,-0.5355021496796558
WT-5,WT (mixed C57BL/6:FVB),2.5,10,NA,NA
WT-5,WT (mixed C57BL/6:FVB),2.5,20,NA,NA
WT-5,WT (mixed C57BL/6:FVB),2.5,30,NA,NA
WT-5,WT (mixed C57BL/6:FVB),2.5,40,NA,NA
WT-5,WT (mixed C57BL/6:FVB),2.5,50,1.34994403117557,-0.09803616209579778
WT-5,WT (mixed C57BL/6:FVB),2.5,60,3.84640841563009,-0.3697720042176332
WT-5,WT (mixed C57BL/6:FVB),2.5,70,11.457834465048,-0.8955505931717453
WT-5,WT (mixed C57BL/6:FVB),2.5,80,41.7517642100853,-1.480812735743314
WT-5,WT (mixed C57BL/6:FVB),3,10,NA,NA
WT-5,WT (mixed C57BL/6:FVB),3,20,NA,NA
WT-5,WT (mixed C57BL/6:FVB),3,30,NA,NA
WT-5,WT (mixed C57BL/6:FVB),3,40,1.02909200603747,-2.3642190180021827
WT-5,WT (mixed C57BL/6:FVB),3,50,2.471814331781,-2.757698293051479
WT-5,WT (mixed C57BL/6:FVB),3,60,6.27900812009041,-2.835261276657978
WT-5,WT (mixed C57BL/6:FVB),3,70,19.2946853047587,-4.017596181985731
WT-5,WT (mixed C57BL/6:FVB),3,80,70.6026214928345,-3.6763249468943
WT-5,WT (mixed C57BL/6:FVB),3.5,10,NA,NA
WT-5,WT (mixed C57BL/6:FVB),3.5,20,NA,NA
WT-5,WT (mixed C57BL/6:FVB),3.5,30,NA,NA
WT-5,WT (mixed C57BL/6:FVB),3.5,40,1.08411764434905,-3.743660471060812
WT-5,WT (mixed C57BL/6:FVB),3.5,50,3.53786197359551,-4.299197532268516
WT-5,WT (mixed C57BL/6:FVB),3.5,60,10.6751713896546,-4.687983558509874
WT-5,WT (mixed C57BL/6:FVB),3.5,70,26.1678919081414,-5.4561053673388695
WT-5,WT (mixed C57BL/6:FVB),3.5,80,104.057135675121,-5.803035911934546
WT-5,WT (mixed C57BL/6:FVB),4,10,NA,NA
WT-5,WT (mixed C57BL/6:FVB),4,20,NA,NA
WT-5,WT (mixed C57BL/6:FVB),4,30,NA,NA
WT-5,WT (mixed C57BL/6:FVB),4,40,2.01158967957123,-6.664440494912325
WT-5,WT (mixed C57BL/6:FVB),4,50,4.05332263666453,-6.770654288033774
WT-5,WT (mixed C57BL/6:FVB),4,60,15.5495253587234,-6.308854156689941
WT-5,WT (mixed C57BL/6:FVB),4,70,41.0897635598946,-6.911057275391966
WT-5,WT (mixed C57BL/6:FVB),4,80,130.211029288978,-7.475053381109611
WT-5,WT (mixed C57BL/6:FVB),4.5,10,NA,NA
WT-5,WT (mixed C57BL/6:FVB),4.5,20,NA,NA
WT-5,WT (mixed C57BL/6:FVB),4.5,30,1.0087300169835,-8.081158198128541
WT-5,WT (mixed C57BL/6:FVB),4.5,40,2.0760803484917,-9.643246089838884
WT-5,WT (mixed C57BL/6:FVB),4.5,50,7.78805964593494,-8.553430415401719
WT-5,WT (mixed C57BL/6:FVB),4.5,60,17.7357343584865,-8.972689418602329
WT-5,WT (mixed C57BL/6:FVB),4.5,70,68.0254615314272,-9.316786483617827
WT-5,WT (mixed C57BL/6:FVB),4.5,80,225.409856776433,-10.515717239251371
WT-5,WT (mixed C57BL/6:FVB),5,10,NA,NA
WT-5,WT (mixed C57BL/6:FVB),5,20,NA,NA
WT-5,WT (mixed C57BL/6:FVB),5,30,1.49955646747709,-10.62427861765382
WT-5,WT (mixed C57BL/6:FVB),5,40,3.92385799971614,-10.836025227739151
WT-5,WT (mixed C57BL/6:FVB),5,50,10.4960299658514,-11.043926151876208
WT-5,WT (mixed C57BL/6:FVB),5,60,26.3383972727075,-11.382453983332477
WT-5,WT (mixed C57BL/6:FVB),5,70,76.6564063172883,-12.109647413504256
WT-5,WT (mixed C57BL/6:FVB),5,80,226.536241919436,-13.219047489207677
WT-5,WT (mixed C57BL/6:FVB),5.5,10,NA,NA
WT-5,WT (mixed C57BL/6:FVB),5.5,20,NA,NA
WT-5,WT (mixed C57BL/6:FVB),5.5,30,1.8738891623341,-13.270463744426149
WT-5,WT (mixed C57BL/6:FVB),5.5,40,5.16202169531055,-12.64137217177886
WT-5,WT (mixed C57BL/6:FVB),5.5,50,12.1467288383169,-13.563081588196628
WT-5,WT (mixed C57BL/6:FVB),5.5,60,28.6622919775431,-13.861143731625322
WT-5,WT (mixed C57BL/6:FVB),5.5,70,75.0530102792666,-14.728411435883286
WT-5,WT (mixed C57BL/6:FVB),5.5,80,212.575482202368,-15.066238606165804
WT-5,WT (mixed C57BL/6:FVB),6,10,NA,NA
WT-5,WT (mixed C57BL/6:FVB),6,20,0.885495688084707,-15.381685300323872
WT-5,WT (mixed C57BL/6:FVB),6,30,2.43475660877502,-15.0503726902404
WT-5,WT (mixed C57BL/6:FVB),6,40,6.26454969955561,-15.195112713924296
WT-5,WT (mixed C57BL/6:FVB),6,50,14.4011102435105,-15.304174010213684
WT-5,WT (mixed C57BL/6:FVB),6,60,32.4098269871469,-15.629671473213172
WT-5,WT (mixed C57BL/6:FVB),6,70,72.9460859674753,-16.616961816192717
WT-5,WT (mixed C57BL/6:FVB),6,80,184.34032171402,-17.70854497731759
WT-5,WT (mixed C57BL/6:FVB),6.5,10,NA,NA
WT-5,WT (mixed C57BL/6:FVB),6.5,20,1.23998688925061,-17.72222397995051
WT-5,WT (mixed C57BL/6:FVB),6.5,30,3.43808403169538,-17.618899211716233
WT-5,WT (mixed C57BL/6:FVB),6.5,40,7.86146465838026,-17.78007988124695
WT-5,WT (mixed C57BL/6:FVB),6.5,50,15.4648519022854,-17.868478897714287
WT-5,WT (mixed C57BL/6:FVB),6.5,60,31.9497773635047,-18.170050432312568
WT-5,WT (mixed C57BL/6:FVB),6.5,70,61.4675024316265,-19.22798970499042
WT-5,WT (mixed C57BL/6:FVB),6.5,80,132.625031827649,-20.31173856592343
WT-5,WT (mixed C57BL/6:FVB),7,10,NA,NA
WT-5,WT (mixed C57BL/6:FVB),7,20,1.40632259452981,-20.331366433305018
WT-5,WT (mixed C57BL/6:FVB),7,30,3.90805249872538,-20.357599651214084
WT-5,WT (mixed C57BL/6:FVB),7,40,8.18018599334062,-20.351746872572097
WT-5,WT (mixed C57BL/6:FVB),7,50,14.8940511369818,-20.441289565591063
WT-5,WT (mixed C57BL/6:FVB),7,60,27.9606091574532,-20.64784674421475
WT-5,WT (mixed C57BL/6:FVB),7,70,44.9419961010996,-21.68020475586715
WT-5,WT (mixed C57BL/6:FVB),7,80,87.5660654771941,-22.112580395660764
WT-5,WT (mixed C57BL/6:FVB),7.5,10,0.842582678380759,-23.190752456173705
WT-5,WT (mixed C57BL/6:FVB),7.5,20,2.12987451120498,-22.43496738405345
WT-5,WT (mixed C57BL/6:FVB),7.5,30,4.665069818375,-22.43139867457634
WT-5,WT (mixed C57BL/6:FVB),7.5,40,8.32547964357689,-22.26981375299253
WT-5,WT (mixed C57BL/6:FVB),7.5,50,14.6615344688739,-22.148620885637968
WT-5,WT (mixed C57BL/6:FVB),7.5,60,24.334210235804,-22.356087803742952
WT-5,WT (mixed C57BL/6:FVB),7.5,70,31.77098000408,-23.318105609990383
WT-5,WT (mixed C57BL/6:FVB),7.5,80,48.3744085555197,-24.743519587027755
WT-5,WT (mixed C57BL/6:FVB),8,10,0.972289913416584,-25.92143247587723
WT-5,WT (mixed C57BL/6:FVB),8,20,2.03615148163603,-25.51365347348247
WT-5,WT (mixed C57BL/6:FVB),8,30,4.691484413008,-25.439776362799627
WT-5,WT (mixed C57BL/6:FVB),8,40,7.75117140783956,-25.170415511470797
WT-5,WT (mixed C57BL/6:FVB),8,50,12.5695409341855,-24.808453954949545
WT-5,WT (mixed C57BL/6:FVB),8,60,17.2299048519434,-24.888442838725677
WT-5,WT (mixed C57BL/6:FVB),8,70,21.2961938815906,-25.82771657829002
WT-5,WT (mixed C57BL/6:FVB),8,80,25.5506793659581,-27.391623079024868
WT-5,WT (mixed C57BL/6:FVB),8.5,10,1.00680420944069,-29.34034672658696
WT-5,WT (mixed C57BL/6:FVB),8.5,20,3.3396355627086,-28.894272504169713
WT-5,WT (mixed C57BL/6:FVB),8.5,30,4.17368273003917,-28.8059428072681
WT-5,WT (mixed C57BL/6:FVB),8.5,40,5.2529897850046,-28.24215662211776
WT-5,WT (mixed C57BL/6:FVB),8.5,50,7.71372816532603,-27.077593052384938
WT-5,WT (mixed C57BL/6:FVB),8.5,60,11.2014792681464,-27.702159779809826
WT-5,WT (mixed C57BL/6:FVB),8.5,70,13.4041704445355,-28.589675842205807
WT-5,WT (mixed C57BL/6:FVB),8.5,80,15.8803047539979,-29.27801137652672
WT-5,WT (mixed C57BL/6:FVB),9,10,1.0146618621865,-32.18900951900768
WT-5,WT (mixed C57BL/6:FVB),9,20,2.00121107439275,-32.910468908709156
WT-5,WT (mixed C57BL/6:FVB),9,30,3.1199314123973,-32.11044349899156
WT-5,WT (mixed C57BL/6:FVB),9,40,3.16603004164916,-31.16750906604404
WT-5,WT (mixed C57BL/6:FVB),9,50,3.23418296291356,-31.28283737096687
WT-5,WT (mixed C57BL/6:FVB),9,60,6.02140536935,-30.07125278610176
WT-5,WT (mixed C57BL/6:FVB),9,70,3.99869539213715,-30.32136181137685
WT-5,WT (mixed C57BL/6:FVB),9,80,6.3790816486355,-32.06277412007402
WT-5,WT (mixed C57BL/6:FVB),9.5,10,1.08725104992432,-37.065013482048535
WT-5,WT (mixed C57BL/6:FVB),9.5,20,1.41963842865153,-36.76324568410185
WT-5,WT (mixed C57BL/6:FVB),9.5,30,1.69936610694524,-36.124757863422275
WT-5,WT (mixed C57BL/6:FVB),9.5,40,1.86146528754347,-35.6232943529995
WT-5,WT (mixed C57BL/6:FVB),9.5,50,1.81099916257859,-34.90891916567388
WT-5,WT (mixed C57BL/6:FVB),9.5,60,1.4839972383786,-34.495580654204794
WT-5,WT (mixed C57BL/6:FVB),9.5,70,1.66593725758136,-34.80956384900806
WT-5,WT (mixed C57BL/6:FVB),9.5,80,2.28149489470119,-35.883991488067096
WT-5,WT (mixed C57BL/6:FVB),10,10,NA,NA
WT-5,WT (mixed C57BL/6:FVB),10,20,0.996344487456946,-31.595315527321468
WT-5,WT (mixed C57BL/6:FVB),10,30,1.20736850533613,-30.239610925925945
WT-5,WT (mixed C57BL/6:FVB),10,40,1.42994138505727,-30.302231284568187
WT-5,WT (mixed C57BL/6:FVB),10,50,1.4048968324454,-30.197830324515337
WT-5,WT (mixed C57BL/6:FVB),10,60,1.37624470729267,-29.094030001136208
WT-5,WT (mixed C57BL/6:FVB),10,70,1.52087123909224,-30.29725205356486
WT-5,WT (mixed C57BL/6:FVB),10,80,1.05374182662346,-32.529902459532806
WT-5,WT (mixed C57BL/6:FVB),10.5,10,NA,NA
WT-5,WT (mixed C57BL/6:FVB),10.5,20,NA,NA
WT-5,WT (mixed C57BL/6:FVB),10.5,30,NA,NA
WT-5,WT (mixed C57BL/6:FVB),10.5,40,NA,NA
WT-5,WT (mixed C57BL/6:FVB),10.5,50,1.05399995420952,-33.457944167108565
WT-5,WT (mixed C57BL/6:FVB),10.5,60,1.21449620479663,-35.51420456518218
WT-5,WT (mixed C57BL/6:FVB),10.5,70,1.16479553008493,-35.42356610291165
WT-5,WT (mixed C57BL/6:FVB),10.5,80,1.42185798100264,-35.8733310214153
WT-5,WT (mixed C57BL/6:FVB),11,10,NA,NA
WT-5,WT (mixed C57BL/6:FVB),11,20,NA,NA
WT-5,WT (mixed C57BL/6:FVB),11,30,NA,NA
WT-5,WT (mixed C57BL/6:FVB),11,40,NA,NA
WT-5,WT (mixed C57BL/6:FVB),11,50,NA,NA
WT-5,WT (mixed C57BL/6:FVB),11,60,NA,NA
WT-5,WT (mixed C57BL/6:FVB),11,70,NA,NA
WT-5,WT (mixed C57BL/6:FVB),11,80,NA,NA
WT-5,WT (mixed C57BL/6:FVB),11.5,10,NA,NA
WT-5,WT (mixed C57BL/6:FVB),11.5,20,NA,NA
WT-5,WT (mixed C57BL/6:FVB),11.5,30,NA,NA
WT-5,WT (mixed C57BL/6:FVB),11.5,40,NA,NA
WT-5,WT (mixed C57BL/6:FVB),11.5,50,NA,NA
WT-5,WT (mixed C57BL/6:FVB),11.5,60,NA,NA
WT-5,WT (mixed C57BL/6:FVB),11.5,70,NA,NA
WT-5,WT (mixed C57BL/6:FVB),11.5,80,NA,NA
WT-5,WT (mixed C57BL/6:FVB),12,10,NA,NA
WT-5,WT (mixed C57BL/6:FVB),12,20,NA,NA
WT-5,WT (mixed C57BL/6:FVB),12,30,NA,NA
WT-5,WT (mixed C57BL/6:FVB),12,40,NA,NA
WT-5,WT (mixed C57BL/6:FVB),12,50,NA,NA
WT-5,WT (mixed C57BL/6:FVB),12,60,NA,NA
WT-5,WT (mixed C57BL/6:FVB),12,70,NA,NA
WT-5,WT (mixed C57BL/6:FVB),12,80,NA,NA
WT-5,WT (mixed C57BL/6:FVB),12.5,10,NA,NA
WT-5,WT (mixed C57BL/6:FVB),12.5,20,NA,NA
WT-5,WT (mixed C57BL/6:FVB),12.5,30,NA,NA
WT-5,WT (mixed C57BL/6:FVB),12.5,40,NA,NA
WT-5,WT (mixed C57BL/6:FVB),12.5,50,NA,NA
WT-5,WT (mixed C57BL/6:FVB),12.5,60,NA,NA
WT-5,WT (mixed C57BL/6:FVB),12.5,70,NA,NA
WT-5,WT (mixed C57BL/6:FVB),12.5,80,NA,NA
WT-5,WT (mixed C57BL/6:FVB),13,10,NA,NA
WT-5,WT (mixed C57BL/6:FVB),13,20,NA,NA
WT-5,WT (mixed C57BL/6:FVB),13,30,NA,NA
WT-5,WT (mixed C57BL/6:FVB),13,40,NA,NA
WT-5,WT (mixed C57BL/6:FVB),13,50,NA,NA
WT-5,WT (mixed C57BL/6:FVB),13,60,NA,NA
WT-5,WT (mixed C57BL/6:FVB),13,70,NA,NA
WT-5,WT (mixed C57BL/6:FVB),13,80,NA,NA
WT-5,WT (mixed C57BL/6:FVB),13.5,10,NA,NA
WT-5,WT (mixed C57BL/6:FVB),13.5,20,NA,NA
WT-5,WT (mixed C57BL/6:FVB),13.5,30,NA,NA
WT-5,WT (mixed C57BL/6:FVB),13.5,40,NA,NA
WT-5,WT (mixed C57BL/6:FVB),13.5,50,NA,NA
WT-5,WT (mixed C57BL/6:FVB),13.5,60,NA,NA
WT-5,WT (mixed C57BL/6:FVB),13.5,70,NA,NA
WT-5,WT (mixed C57BL/6:FVB),13.5,80,NA,NA
WT-5,WT (mixed C57BL/6:FVB),14,10,NA,NA
WT-5,WT (mixed C57BL/6:FVB),14,20,NA,NA
WT-5,WT (mixed C57BL/6:FVB),14,30,NA,NA
WT-5,WT (mixed C57BL/6:FVB),14,40,NA,NA
WT-5,WT (mixed C57BL/6:FVB),14,50,NA,NA
WT-5,WT (mixed C57BL/6:FVB),14,60,NA,NA
WT-5,WT (mixed C57BL/6:FVB),14,70,NA,NA
WT-5,WT (mixed C57BL/6:FVB),14,80,NA,NA
LGR5-1,Lgr5-DTR,2,10,NA,NA
LGR5-1,Lgr5-DTR,2,20,NA,NA
LGR5-1,Lgr5-DTR,2,30,NA,NA
LGR5-1,Lgr5-DTR,2,40,NA,NA
LGR5-1,Lgr5-DTR,2,50,0.83709931324559,2.013045128769928
LGR5-1,Lgr5-DTR,2,60,3.11645003274591,0.47728170336524695
LGR5-1,Lgr5-DTR,2,70,9.80357556532795,-0.21217651481721633
LGR5-1,Lgr5-DTR,2,80,29.5240267109973,-0.25105489128784536
LGR5-1,Lgr5-DTR,2.5,10,NA,NA
LGR5-1,Lgr5-DTR,2.5,20,NA,NA
LGR5-1,Lgr5-DTR,2.5,30,NA,NA
LGR5-1,Lgr5-DTR,2.5,40,NA,NA
LGR5-1,Lgr5-DTR,2.5,50,2.16372026939689,-1.6209458613258252
LGR5-1,Lgr5-DTR,2.5,60,5.29519202371953,-1.2329885720619078
LGR5-1,Lgr5-DTR,2.5,70,13.7547190993425,-2.153740706109761
LGR5-1,Lgr5-DTR,2.5,80,44.8303308110619,-1.4386051611348014
LGR5-1,Lgr5-DTR,3,10,NA,NA
LGR5-1,Lgr5-DTR,3,20,NA,NA
LGR5-1,Lgr5-DTR,3,30,NA,NA
LGR5-1,Lgr5-DTR,3,40,0.734741067556018,-3.041571359469707
LGR5-1,Lgr5-DTR,3,50,2.62397130062477,-3.500151455118047
LGR5-1,Lgr5-DTR,3,60,7.91268487686281,-3.5466972781879766
LGR5-1,Lgr5-DTR,3,70,22.7012155538279,-3.5167745190636324
LGR5-1,Lgr5-DTR,3,80,80.8906736390072,-3.6252211896756585
LGR5-1,Lgr5-DTR,3.5,10,NA,NA
LGR5-1,Lgr5-DTR,3.5,20,NA,NA
LGR5-1,Lgr5-DTR,3.5,30,NA,NA
LGR5-1,Lgr5-DTR,3.5,40,1.0739992032585,-5.9441789848957765
LGR5-1,Lgr5-DTR,3.5,50,4.00914227217775,-5.879122534700295
LGR5-1,Lgr5-DTR,3.5,60,12.5934150659805,-5.801907505353348
LGR5-1,Lgr5-DTR,3.5,70,37.4917764873408,-5.805572903622368
LGR5-1,Lgr5-DTR,3.5,80,133.873678072747,-6.0914717682155795
LGR5-1,Lgr5-DTR,4,10,NA,NA
LGR5-1,Lgr5-DTR,4,20,NA,NA
LGR5-1,Lgr5-DTR,4,30,NA,NA
LGR5-1,Lgr5-DTR,4,40,2.22781753666971,-7.515565377865374
LGR5-1,Lgr5-DTR,4,50,7.50028894299404,-8.466830633811874
LGR5-1,Lgr5-DTR,4,60,18.2442165070808,-7.7320910938896
LGR5-1,Lgr5-DTR,4,70,55.1142319157327,-8.526551444289478
LGR5-1,Lgr5-DTR,4,80,183.690799860015,-8.065374674008332
LGR5-1,Lgr5-DTR,4.5,10,NA,NA
LGR5-1,Lgr5-DTR,4.5,20,NA,NA
LGR5-1,Lgr5-DTR,4.5,30,0.785067859681677,-10.348402344521228
LGR5-1,Lgr5-DTR,4.5,40,3.24697973459566,-10.48191925878567
LGR5-1,Lgr5-DTR,4.5,50,8.3453105278291,-10.553832607973536
LGR5-1,Lgr5-DTR,4.5,60,22.7725849253094,-10.539260527265348
LGR5-1,Lgr5-DTR,4.5,70,73.9809942589607,-10.771157914470589
LGR5-1,Lgr5-DTR,4.5,80,219.079015030637,-11.11288560633687
LGR5-1,Lgr5-DTR,5,10,NA,NA
LGR5-1,Lgr5-DTR,5,20,NA,NA
LGR5-1,Lgr5-DTR,5,30,0.961662785885887,-13.435006825674952
LGR5-1,Lgr5-DTR,5,40,3.11305768612031,-13.350060760746253
LGR5-1,Lgr5-DTR,5,50,7.80503185346839,-13.412821302642698
LGR5-1,Lgr5-DTR,5,60,21.4849568877071,-13.398331176948982
LGR5-1,Lgr5-DTR,5,70,65.4482699942108,-13.656999317829014
LGR5-1,Lgr5-DTR,5,80,181.882963556803,-14.089218863564131
LGR5-1,Lgr5-DTR,5.5,10,NA,NA
LGR5-1,Lgr5-DTR,5.5,20,NA,NA
LGR5-1,Lgr5-DTR,5.5,30,1.14576901403625,-16.0955807181772
LGR5-1,Lgr5-DTR,5.5,40,2.84698825119163,-15.979085915029334
LGR5-1,Lgr5-DTR,5.5,50,7.53831587576483,-15.33267528682638
LGR5-1,Lgr5-DTR,5.5,60,17.0318712100574,-15.971474727553677
LGR5-1,Lgr5-DTR,5.5,70,48.6716049384519,-16.242349106179216
LGR5-1,Lgr5-DTR,5.5,80,132.625620301789,-16.84570211533335
LGR5-1,Lgr5-DTR,6,10,NA,NA
LGR5-1,Lgr5-DTR,6,20,NA,NA
LGR5-1,Lgr5-DTR,6,30,0.873006382533361,-18.465936708013313
LGR5-1,Lgr5-DTR,6,40,2.36797471095378,-17.84566637934058
LGR5-1,Lgr5-DTR,6,50,6.23609917563971,-17.835173231974522
LGR5-1,Lgr5-DTR,6,60,14.0224370168456,-17.703945404710677
LGR5-1,Lgr5-DTR,6,70,37.6006770497588,-17.856292362977786
LGR5-1,Lgr5-DTR,6,80,88.5525224825562,-18.6499116113028
LGR5-1,Lgr5-DTR,6.5,10,NA,NA
LGR5-1,Lgr5-DTR,6.5,20,NA,NA
LGR5-1,Lgr5-DTR,6.5,30,0.962897529516791,-20.53782583343889
LGR5-1,Lgr5-DTR,6.5,40,2.22727657039451,-20.326259811935035
LGR5-1,Lgr5-DTR,6.5,50,5.4800210260534,-20.494128672388516
LGR5-1,Lgr5-DTR,6.5,60,11.1248088150389,-20.311615496407217
LGR5-1,Lgr5-DTR,6.5,70,25.5612802101803,-20.30822072835663
LGR5-1,Lgr5-DTR,6.5,80,53.9435476102708,-21.01345053864341
LGR5-1,Lgr5-DTR,7,10,NA,NA
LGR5-1,Lgr5-DTR,7,20,NA,NA
LGR5-1,Lgr5-DTR,7,30,0.742968394842443,-22.391664492344013
LGR5-1,Lgr5-DTR,7,40,2.38441633246709,-23.18326579895003
LGR5-1,Lgr5-DTR,7,50,5.63816773416279,-22.57837905039872
LGR5-1,Lgr5-DTR,7,60,8.77539117780021,-22.25635029552896
LGR5-1,Lgr5-DTR,7,70,18.433511265929,-22.68387112926243
LGR5-1,Lgr5-DTR,7,80,31.3488328158075,-23.210458869037872
LGR5-1,Lgr5-DTR,7.5,10,NA,NA
LGR5-1,Lgr5-DTR,7.5,20,NA,NA
LGR5-1,Lgr5-DTR,7.5,30,0.826593730557404,-26.80297255533846
LGR5-1,Lgr5-DTR,7.5,40,2.10928594472502,-26.214446604289034
LGR5-1,Lgr5-DTR,7.5,50,4.5481769992459,-25.63272560197861
LGR5-1,Lgr5-DTR,7.5,60,6.95596923292038,-25.045762720594457
LGR5-1,Lgr5-DTR,7.5,70,12.0593440598578,-24.552646206702647
LGR5-1,Lgr5-DTR,7.5,80,21.0301867394947,-24.872805280014333
LGR5-1,Lgr5-DTR,8,10,NA,NA
LGR5-1,Lgr5-DTR,8,20,NA,NA
LGR5-1,Lgr5-DTR,8,30,NA,NA
LGR5-1,Lgr5-DTR,8,40,1.52753845091176,-29.523416727006623
LGR5-1,Lgr5-DTR,8,50,2.98236583820899,-29.20216416922632
LGR5-1,Lgr5-DTR,8,60,4.68268366999459,-28.41542610878416
LGR5-1,Lgr5-DTR,8,70,7.50963852987001,-27.57755359238152
LGR5-1,Lgr5-DTR,8,80,12.5292127699029,-27.619926031716663
LGR5-1,Lgr5-DTR,8.5,10,NA,NA
LGR5-1,Lgr5-DTR,8.5,20,NA,NA
LGR5-1,Lgr5-DTR,8.5,30,NA,NA
LGR5-1,Lgr5-DTR,8.5,40,0.88234272928731,-34.182330419009844
LGR5-1,Lgr5-DTR,8.5,50,1.86017076739198,-33.534380736832325
LGR5-1,Lgr5-DTR,8.5,60,3.06865405354537,-32.662201241828825
LGR5-1,Lgr5-DTR,8.5,70,4.63052315289347,-31.666545842739023
LGR5-1,Lgr5-DTR,8.5,80,7.26417273329951,-31.20498438334763
LGR5-1,Lgr5-DTR,9,10,NA,NA
LGR5-1,Lgr5-DTR,9,20,NA,NA
LGR5-1,Lgr5-DTR,9,30,NA,NA
LGR5-1,Lgr5-DTR,9,40,NA,NA
LGR5-1,Lgr5-DTR,9,50,0.895472269332525,-37.2499543254582
LGR5-1,Lgr5-DTR,9,60,1.6360000301846,-36.66669067235318
LGR5-1,Lgr5-DTR,9,70,2.04320234928186,-35.63147669384015
LGR5-1,Lgr5-DTR,9,80,2.6841223742112,-35.80727183586958
LGR5-1,Lgr5-DTR,9.5,10,NA,NA
LGR5-1,Lgr5-DTR,9.5,20,NA,NA
LGR5-1,Lgr5-DTR,9.5,30,NA,NA
LGR5-1,Lgr5-DTR,9.5,40,NA,NA
LGR5-1,Lgr5-DTR,9.5,50,NA,NA
LGR5-1,Lgr5-DTR,9.5,60,NA,NA
LGR5-1,Lgr5-DTR,9.5,70,1.34848973919453,-40.84121353656703
LGR5-1,Lgr5-DTR,9.5,80,1.64692632953835,-40.53244731262875
LGR5-1,Lgr5-DTR,10,10,NA,NA
LGR5-1,Lgr5-DTR,10,20,NA,NA
LGR5-1,Lgr5-DTR,10,30,NA,NA
LGR5-1,Lgr5-DTR,10,40,NA,NA
LGR5-1,Lgr5-DTR,10,50,NA,NA
LGR5-1,Lgr5-DTR,10,60,NA,NA
LGR5-1,Lgr5-DTR,10,70,NA,NA
LGR5-1,Lgr5-DTR,10,80,0.746461435406181,-36.02093020264987
LGR5-1,Lgr5-DTR,10.5,10,NA,NA
LGR5-1,Lgr5-DTR,10.5,20,NA,NA
LGR5-1,Lgr5-DTR,10.5,30,NA,NA
LGR5-1,Lgr5-DTR,10.5,40,NA,NA
LGR5-1,Lgr5-DTR,10.5,50,NA,NA
LGR5-1,Lgr5-DTR,10.5,60,NA,NA
LGR5-1,Lgr5-DTR,10.5,70,NA,NA
LGR5-1,Lgr5-DTR,10.5,80,NA,NA
LGR5-1,Lgr5-DTR,11,10,NA,NA
LGR5-1,Lgr5-DTR,11,20,NA,NA
LGR5-1,Lgr5-DTR,11,30,NA,NA
LGR5-1,Lgr5-DTR,11,40,NA,NA
LGR5-1,Lgr5-DTR,11,50,NA,NA
LGR5-1,Lgr5-DTR,11,60,NA,NA
LGR5-1,Lgr5-DTR,11,70,NA,NA
LGR5-1,Lgr5-DTR,11,80,NA,NA
LGR5-1,Lgr5-DTR,11.5,10,NA,NA
LGR5-1,Lgr5-DTR,11.5,20,NA,NA
LGR5-1,Lgr5-DTR,11.5,30,NA,NA
LGR5-1,Lgr5-DTR,11.5,40,NA,NA
LGR5-1,Lgr5-DTR,11.5,50,NA,NA
LGR5-1,Lgr5-DTR,11.5,60,NA,NA
LGR5-1,Lgr5-DTR,11.5,70,NA,NA
LGR5-1,Lgr5-DTR,11.5,80,NA,NA
LGR5-1,Lgr5-DTR,12,10,NA,NA
LGR5-1,Lgr5-DTR,12,20,NA,NA
LGR5-1,Lgr5-DTR,12,30,NA,NA
LGR5-1,Lgr5-DTR,12,40,NA,NA
LGR5-1,Lgr5-DTR,12,50,NA,NA
LGR5-1,Lgr5-DTR,12,60,NA,NA
LGR5-1,Lgr5-DTR,12,70,NA,NA
LGR5-1,Lgr5-DTR,12,80,NA,NA
LGR5-1,Lgr5-DTR,12.5,10,NA,NA
LGR5-1,Lgr5-DTR,12.5,20,NA,NA
LGR5-1,Lgr5-DTR,12.5,30,NA,NA
LGR5-1,Lgr5-DTR,12.5,40,NA,NA
LGR5-1,Lgr5-DTR,12.5,50,NA,NA
LGR5-1,Lgr5-DTR,12.5,60,NA,NA
LGR5-1,Lgr5-DTR,12.5,70,NA,NA
LGR5-1,Lgr5-DTR,12.5,80,NA,NA
LGR5-1,Lgr5-DTR,13,10,NA,NA
LGR5-1,Lgr5-DTR,13,20,NA,NA
LGR5-1,Lgr5-DTR,13,30,NA,NA
LGR5-1,Lgr5-DTR,13,40,NA,NA
LGR5-1,Lgr5-DTR,13,50,NA,NA
LGR5-1,Lgr5-DTR,13,60,NA,NA
LGR5-1,Lgr5-DTR,13,70,NA,NA
LGR5-1,Lgr5-DTR,13,80,NA,NA
LGR5-1,Lgr5-DTR,13.5,10,NA,NA
LGR5-1,Lgr5-DTR,13.5,20,NA,NA
LGR5-1,Lgr5-DTR,13.5,30,NA,NA
LGR5-1,Lgr5-DTR,13.5,40,NA,NA
LGR5-1,Lgr5-DTR,13.5,50,NA,NA
LGR5-1,Lgr5-DTR,13.5,60,NA,NA
LGR5-1,Lgr5-DTR,13.5,70,NA,NA
LGR5-1,Lgr5-DTR,13.5,80,NA,NA
LGR5-1,Lgr5-DTR,14,10,NA,NA
LGR5-1,Lgr5-DTR,14,20,NA,NA
LGR5-1,Lgr5-DTR,14,30,NA,NA
LGR5-1,Lgr5-DTR,14,40,NA,NA
LGR5-1,Lgr5-DTR,14,50,NA,NA
LGR5-1,Lgr5-DTR,14,60,NA,NA
LGR5-1,Lgr5-DTR,14,70,NA,NA
LGR5-1,Lgr5-DTR,14,80,NA,NA
LGR5-2,Lgr5-DTR,2,10,NA,NA
LGR5-2,Lgr5-DTR,2,20,NA,NA
LGR5-2,Lgr5-DTR,2,30,NA,NA
LGR5-2,Lgr5-DTR,2,40,NA,NA
LGR5-2,Lgr5-DTR,2,50,0.959299684744999,-1.1130002659512463
LGR5-2,Lgr5-DTR,2,60,3.4012471259354,-1.7667098869346305
LGR5-2,Lgr5-DTR,2,70,13.9063484049515,-1.757531426148502
LGR5-2,Lgr5-DTR,2,80,48.550889874028,-1.8880319446890108
LGR5-2,Lgr5-DTR,2.5,10,NA,NA
LGR5-2,Lgr5-DTR,2.5,20,NA,NA
LGR5-2,Lgr5-DTR,2.5,30,NA,NA
LGR5-2,Lgr5-DTR,2.5,40,NA,NA
LGR5-2,Lgr5-DTR,2.5,50,1.81028052703992,-3.02724507106121
LGR5-2,Lgr5-DTR,2.5,60,6.09961191320475,-3.6496333153075913
LGR5-2,Lgr5-DTR,2.5,70,21.8207093330419,-3.019956589930072
LGR5-2,Lgr5-DTR,2.5,80,77.1762318615988,-3.1554420787901134
LGR5-2,Lgr5-DTR,3,10,NA,NA
LGR5-2,Lgr5-DTR,3,20,NA,NA
LGR5-2,Lgr5-DTR,3,30,NA,NA
LGR5-2,Lgr5-DTR,3,40,1.18345833513705,-5.2820172367959515
LGR5-2,Lgr5-DTR,3,50,2.96543073820258,-5.014902819995975
LGR5-2,Lgr5-DTR,3,60,9.48317704329813,-5.052821183305106
LGR5-2,Lgr5-DTR,3,70,29.3216013285769,-5.204804423242844
LGR5-2,Lgr5-DTR,3,80,108.500330958926,-5.401411489569573
LGR5-2,Lgr5-DTR,3.5,10,NA,NA
LGR5-2,Lgr5-DTR,3.5,20,NA,NA
LGR5-2,Lgr5-DTR,3.5,30,NA,NA
LGR5-2,Lgr5-DTR,3.5,40,1.91246178011152,-7.502532248543372
LGR5-2,Lgr5-DTR,3.5,50,5.3588023632541,-7.446912600309771
LGR5-2,Lgr5-DTR,3.5,60,16.4708925389856,-7.443622711963591
LGR5-2,Lgr5-DTR,3.5,70,53.5764680482305,-7.683143805559215
LGR5-2,Lgr5-DTR,3.5,80,149.835588498211,-7.9288341531390865
LGR5-2,Lgr5-DTR,4,10,NA,NA
LGR5-2,Lgr5-DTR,4,20,NA,NA
LGR5-2,Lgr5-DTR,4,30,0.889132272242672,-9.942020995382842
LGR5-2,Lgr5-DTR,4,40,2.42599028993467,-9.97853834346822
LGR5-2,Lgr5-DTR,4,50,6.80818247562913,-9.727472741603888
LGR5-2,Lgr5-DTR,4,60,22.3972594328269,-9.706181917216057
LGR5-2,Lgr5-DTR,4,70,63.8144134971458,-10.932467400582524
LGR5-2,Lgr5-DTR,4,80,189.672669713949,-10.318690037301687
LGR5-2,Lgr5-DTR,4.5,10,NA,NA
LGR5-2,Lgr5-DTR,4.5,20,NA,NA
LGR5-2,Lgr5-DTR,4.5,30,0.715289547032543,-13.279561719306844
LGR5-2,Lgr5-DTR,4.5,40,2.01817651462017,-13.181033092597866
LGR5-2,Lgr5-DTR,4.5,50,5.95374508702786,-12.860443581025724
LGR5-2,Lgr5-DTR,4.5,60,16.5598050314214,-13.13048608946019
LGR5-2,Lgr5-DTR,4.5,70,52.506607114493,-13.383802836632638
LGR5-2,Lgr5-DTR,4.5,80,162.74468494239,-13.83218131694976
LGR5-2,Lgr5-DTR,5,10,NA,NA
LGR5-2,Lgr5-DTR,5,20,NA,NA
LGR5-2,Lgr5-DTR,5,30,NA,NA
LGR5-2,Lgr5-DTR,5,40,1.40720003091256,-15.5339869117537
LGR5-2,Lgr5-DTR,5,50,4.06778070954493,-15.477587281371582
LGR5-2,Lgr5-DTR,5,60,11.6949941627233,-15.619745689708854
LGR5-2,Lgr5-DTR,5,70,32.7310778327372,-15.862677892700413
LGR5-2,Lgr5-DTR,5,80,98.3312595403334,-16.306350790456897
LGR5-2,Lgr5-DTR,5.5,10,NA,NA
LGR5-2,Lgr5-DTR,5.5,20,NA,NA
LGR5-2,Lgr5-DTR,5.5,30,NA,NA
LGR5-2,Lgr5-DTR,5.5,40,1.07047053066981,-17.564301783016237
LGR5-2,Lgr5-DTR,5.5,50,3.05970809319442,-16.803800420576533
LGR5-2,Lgr5-DTR,5.5,60,8.19893333908868,-17.526424900040823
LGR5-2,Lgr5-DTR,5.5,70,20.7406704286813,-18.017519994831694
LGR5-2,Lgr5-DTR,5.5,80,56.7418724773266,-18.53933674251588
LGR5-2,Lgr5-DTR,6,10,NA,NA
LGR5-2,Lgr5-DTR,6,20,NA,NA
LGR5-2,Lgr5-DTR,6,30,NA,NA
LGR5-2,Lgr5-DTR,6,40,0.881522335778864,-19.814474475451995
LGR5-2,Lgr5-DTR,6,50,2.3118044434487,-18.990158388668256
LGR5-2,Lgr5-DTR,6,60,6.54515148930758,-18.941136867943353
LGR5-2,Lgr5-DTR,6,70,15.9713084184764,-19.220504342493783
LGR5-2,Lgr5-DTR,6,80,36.2264371277426,-20.0290613048578
LGR5-2,Lgr5-DTR,6.5,10,NA,NA
LGR5-2,Lgr5-DTR,6.5,20,NA,NA
LGR5-2,Lgr5-DTR,6.5,30,NA,NA
LGR5-2,Lgr5-DTR,6.5,40,0.790541867609142,-20.94007915951881
LGR5-2,Lgr5-DTR,6.5,50,2.02345341468371,-21.456730814725
LGR5-2,Lgr5-DTR,6.5,60,5.8315912192491,-21.323897686251463
LGR5-2,Lgr5-DTR,6.5,70,13.375968393513,-21.37789695135887
LGR5-2,Lgr5-DTR,6.5,80,25.6749930391697,-22.33957763482484
LGR5-2,Lgr5-DTR,7,10,NA,NA
LGR5-2,Lgr5-DTR,7,20,NA,NA
LGR5-2,Lgr5-DTR,7,30,NA,NA
LGR5-2,Lgr5-DTR,7,40,0.872742082292433,-24.12814076239961
LGR5-2,Lgr5-DTR,7,50,1.98919043985884,-24.01750774803129
LGR5-2,Lgr5-DTR,7,60,4.72259347789238,-23.7581984186321
LGR5-2,Lgr5-DTR,7,70,9.50537287012271,-23.83192035040836
LGR5-2,Lgr5-DTR,7,80,16.483948953516,-24.8902458785388
LGR5-2,Lgr5-DTR,7.5,10,NA,NA
LGR5-2,Lgr5-DTR,7.5,20,NA,NA
LGR5-2,Lgr5-DTR,7.5,30,NA,NA
LGR5-2,Lgr5-DTR,7.5,40,NA,NA
LGR5-2,Lgr5-DTR,7.5,50,1.19486672133252,-26.136192801939902
LGR5-2,Lgr5-DTR,7.5,60,2.86338806164307,-25.69534926066429
LGR5-2,Lgr5-DTR,7.5,70,5.51138046099589,-25.59387247334233
LGR5-2,Lgr5-DTR,7.5,80,8.65160260410202,-26.583764866398784
LGR5-2,Lgr5-DTR,8,10,NA,NA
LGR5-2,Lgr5-DTR,8,20,NA,NA
LGR5-2,Lgr5-DTR,8,30,NA,NA
LGR5-2,Lgr5-DTR,8,40,NA,NA
LGR5-2,Lgr5-DTR,8,50,1.04168785791636,-29.27438106927754
LGR5-2,Lgr5-DTR,8,60,1.72847263600102,-28.712069715157668
LGR5-2,Lgr5-DTR,8,70,3.28812388391204,-28.43921982511953
LGR5-2,Lgr5-DTR,8,80,4.48785374335923,-29.423382142311176
LGR5-2,Lgr5-DTR,8.5,10,NA,NA
LGR5-2,Lgr5-DTR,8.5,20,NA,NA
LGR5-2,Lgr5-DTR,8.5,30,NA,NA
LGR5-2,Lgr5-DTR,8.5,40,NA,NA
LGR5-2,Lgr5-DTR,8.5,50,NA,NA
LGR5-2,Lgr5-DTR,8.5,60,NA,NA
LGR5-2,Lgr5-DTR,8.5,70,0.933389004365255,-31.79735070294029
LGR5-2,Lgr5-DTR,8.5,80,1.65878942259096,-31.910271978272423
LGR5-2,Lgr5-DTR,9,10,NA,NA
LGR5-2,Lgr5-DTR,9,20,NA,NA
LGR5-2,Lgr5-DTR,9,30,NA,NA
LGR5-2,Lgr5-DTR,9,40,NA,NA
LGR5-2,Lgr5-DTR,9,50,NA,NA
LGR5-2,Lgr5-DTR,9,60,NA,NA
LGR5-2,Lgr5-DTR,9,70,NA,NA
LGR5-2,Lgr5-DTR,9,80,NA,NA
LGR5-2,Lgr5-DTR,9.5,10,NA,NA
LGR5-2,Lgr5-DTR,9.5,20,NA,NA
LGR5-2,Lgr5-DTR,9.5,30,NA,NA
LGR5-2,Lgr5-DTR,9.5,40,NA,NA
LGR5-2,Lgr5-DTR,9.5,50,NA,NA
LGR5-2,Lgr5-DTR,9.5,60,NA,NA
LGR5-2,Lgr5-DTR,9.5,70,NA,NA
LGR5-2,Lgr5-DTR,9.5,80,NA,NA
LGR5-2,Lgr5-DTR,10,10,NA,NA
LGR5-2,Lgr5-DTR,10,20,NA,NA
LGR5-2,Lgr5-DTR,10,30,NA,NA
LGR5-2,Lgr5-DTR,10,40,NA,NA
LGR5-2,Lgr5-DTR,10,50,NA,NA
LGR5-2,Lgr5-DTR,10,60,NA,NA
LGR5-2,Lgr5-DTR,10,70,NA,NA
LGR5-2,Lgr5-DTR,10,80,NA,NA
LGR5-2,Lgr5-DTR,10.5,10,NA,NA
LGR5-2,Lgr5-DTR,10.5,20,NA,NA
LGR5-2,Lgr5-DTR,10.5,30,NA,NA
LGR5-2,Lgr5-DTR,10.5,40,NA,NA
LGR5-2,Lgr5-DTR,10.5,50,NA,NA
LGR5-2,Lgr5-DTR,10.5,60,NA,NA
LGR5-2,Lgr5-DTR,10.5,70,NA,NA
LGR5-2,Lgr5-DTR,10.5,80,NA,NA
LGR5-2,Lgr5-DTR,11,10,NA,NA
LGR5-2,Lgr5-DTR,11,20,NA,NA
LGR5-2,Lgr5-DTR,11,30,NA,NA
LGR5-2,Lgr5-DTR,11,40,NA,NA
LGR5-2,Lgr5-DTR,11,50,NA,NA
LGR5-2,Lgr5-DTR,11,60,NA,NA
LGR5-2,Lgr5-DTR,11,70,NA,NA
LGR5-2,Lgr5-DTR,11,80,NA,NA
LGR5-2,Lgr5-DTR,11.5,10,NA,NA
LGR5-2,Lgr5-DTR,11.5,20,NA,NA
LGR5-2,Lgr5-DTR,11.5,30,NA,NA
LGR5-2,Lgr5-DTR,11.5,40,NA,NA
LGR5-2,Lgr5-DTR,11.5,50,NA,NA
LGR5-2,Lgr5-DTR,11.5,60,NA,NA
LGR5-2,Lgr5-DTR,11.5,70,NA,NA
LGR5-2,Lgr5-DTR,11.5,80,NA,NA
LGR5-2,Lgr5-DTR,12,10,NA,NA
LGR5-2,Lgr5-DTR,12,20,NA,NA
LGR5-2,Lgr5-DTR,12,30,NA,NA
LGR5-2,Lgr5-DTR,12,40,NA,NA
LGR5-2,Lgr5-DTR,12,50,NA,NA
LGR5-2,Lgr5-DTR,12,60,NA,NA
LGR5-2,Lgr5-DTR,12,70,NA,NA
LGR5-2,Lgr5-DTR,12,80,NA,NA
LGR5-2,Lgr5-DTR,12.5,10,NA,NA
LGR5-2,Lgr5-DTR,12.5,20,NA,NA
LGR5-2,Lgr5-DTR,12.5,30,NA,NA
LGR5-2,Lgr5-DTR,12.5,40,NA,NA
LGR5-2,Lgr5-DTR,12.5,50,NA,NA
LGR5-2,Lgr5-DTR,12.5,60,NA,NA
LGR5-2,Lgr5-DTR,12.5,70,NA,NA
LGR5-2,Lgr5-DTR,12.5,80,NA,NA
LGR5-2,Lgr5-DTR,13,10,NA,NA
LGR5-2,Lgr5-DTR,13,20,NA,NA
LGR5-2,Lgr5-DTR,13,30,NA,NA
LGR5-2,Lgr5-DTR,13,40,NA,NA
LGR5-2,Lgr5-DTR,13,50,NA,NA
LGR5-2,Lgr5-DTR,13,60,NA,NA
LGR5-2,Lgr5-DTR,13,70,NA,NA
LGR5-2,Lgr5-DTR,13,80,NA,NA
LGR5-2,Lgr5-DTR,13.5,10,NA,NA
LGR5-2,Lgr5-DTR,13.5,20,NA,NA
LGR5-2,Lgr5-DTR,13.5,30,NA,NA
LGR5-2,Lgr5-DTR,13.5,40,NA,NA
LGR5-2,Lgr5-DTR,13.5,50,NA,NA
LGR5-2,Lgr5-DTR,13.5,60,NA,NA
LGR5-2,Lgr5-DTR,13.5,70,NA,NA
LGR5-2,Lgr5-DTR,13.5,80,NA,NA
LGR5-2,Lgr5-DTR,14,10,NA,NA
LGR5-2,Lgr5-DTR,14,20,NA,NA
LGR5-2,Lgr5-DTR,14,30,NA,NA
LGR5-2,Lgr5-DTR,14,40,NA,NA
LGR5-2,Lgr5-DTR,14,50,NA,NA
LGR5-2,Lgr5-DTR,14,60,NA,NA
LGR5-2,Lgr5-DTR,14,70,NA,NA
LGR5-2,Lgr5-DTR,14,80,NA,NA
LGR5-3,Lgr5-DTR,2,10,NA,NA
LGR5-3,Lgr5-DTR,2,20,NA,NA
LGR5-3,Lgr5-DTR,2,30,NA,NA
LGR5-3,Lgr5-DTR,2,40,NA,NA
LGR5-3,Lgr5-DTR,2,50,1.00715711723252,-1.2451487561004333
LGR5-3,Lgr5-DTR,2,60,5.18026337926998,-1.3608077679702677
LGR5-3,Lgr5-DTR,2,70,10.0818963946548,-1.1862974081604225
LGR5-3,Lgr5-DTR,2,80,36.3766704082813,-1.1077639930147387
LGR5-3,Lgr5-DTR,2.5,10,NA,NA
LGR5-3,Lgr5-DTR,2.5,20,NA,NA
LGR5-3,Lgr5-DTR,2.5,30,NA,NA
LGR5-3,Lgr5-DTR,2.5,40,0.920959599906603,-2.6762934632974207
LGR5-3,Lgr5-DTR,2.5,50,2.16923655107146,-2.6104358580041125
LGR5-3,Lgr5-DTR,2.5,60,6.230759040892,-2.2647547176830356
LGR5-3,Lgr5-DTR,2.5,70,19.0421751669893,-2.886873648164275
LGR5-3,Lgr5-DTR,2.5,80,64.6404059889503,-1.991734253900891
LGR5-3,Lgr5-DTR,3,10,NA,NA
LGR5-3,Lgr5-DTR,3,20,NA,NA
LGR5-3,Lgr5-DTR,3,30,NA,NA
LGR5-3,Lgr5-DTR,3,40,0.806467093050498,-4.529152159511327
LGR5-3,Lgr5-DTR,3,50,2.15356643963896,-4.451506661782174
LGR5-3,Lgr5-DTR,3,60,7.74454904850479,-3.8760730911269863
LGR5-3,Lgr5-DTR,3,70,26.5897278327711,-3.886756149335856
LGR5-3,Lgr5-DTR,3,80,101.481446124825,-4.001741526390551
LGR5-3,Lgr5-DTR,3.5,10,NA,NA
LGR5-3,Lgr5-DTR,3.5,20,NA,NA
LGR5-3,Lgr5-DTR,3.5,30,NA,NA
LGR5-3,Lgr5-DTR,3.5,40,0.957260491313293,-5.657440715102688
LGR5-3,Lgr5-DTR,3.5,50,3.91892586043294,-6.569722648543033
LGR5-3,Lgr5-DTR,3.5,60,11.7559002115167,-6.430311738072419
LGR5-3,Lgr5-DTR,3.5,70,43.6640523326851,-6.327650402392362
LGR5-3,Lgr5-DTR,3.5,80,155.563078804401,-6.546737100789342
LGR5-3,Lgr5-DTR,4,10,NA,NA
LGR5-3,Lgr5-DTR,4,20,NA,NA
LGR5-3,Lgr5-DTR,4,30,NA,NA
LGR5-3,Lgr5-DTR,4,40,1.4344472289296,-7.897461696557235
LGR5-3,Lgr5-DTR,4,50,5.36679954089179,-8.714715834425203
LGR5-3,Lgr5-DTR,4,60,13.977987913363,-8.884722731270717
LGR5-3,Lgr5-DTR,4,70,51.9859192254052,-9.217311605319209
LGR5-3,Lgr5-DTR,4,80,177.779878369335,-9.535309706666192
LGR5-3,Lgr5-DTR,4.5,10,NA,NA
LGR5-3,Lgr5-DTR,4.5,20,NA,NA
LGR5-3,Lgr5-DTR,4.5,30,NA,NA
LGR5-3,Lgr5-DTR,4.5,40,1.87854752791543,-10.782629127163393
LGR5-3,Lgr5-DTR,4.5,50,4.91625013297918,-10.84009882978985
LGR5-3,Lgr5-DTR,4.5,60,15.4609283674266,-11.998744871224948
LGR5-3,Lgr5-DTR,4.5,70,51.5234707651314,-11.537946468168892
LGR5-3,Lgr5-DTR,4.5,80,177.552381011572,-11.961042401681745
LGR5-3,Lgr5-DTR,5,10,NA,NA
LGR5-3,Lgr5-DTR,5,20,NA,NA
LGR5-3,Lgr5-DTR,5,30,NA,NA
LGR5-3,Lgr5-DTR,5,40,2.37965502602053,-12.91445300593634
LGR5-3,Lgr5-DTR,5,50,6.54533514692311,-13.70434483403641
LGR5-3,Lgr5-DTR,5,60,17.7435351132009,-13.906737153473443
LGR5-3,Lgr5-DTR,5,70,46.32134533279,-14.268846673711964
LGR5-3,Lgr5-DTR,5,80,150.089552053332,-14.720557788706454
LGR5-3,Lgr5-DTR,5.5,10,NA,NA
LGR5-3,Lgr5-DTR,5.5,20,NA,NA
LGR5-3,Lgr5-DTR,5.5,30,NA,NA
LGR5-3,Lgr5-DTR,5.5,40,2.2729601322044,-16.058045104478097
LGR5-3,Lgr5-DTR,5.5,50,5.32554136856916,-16.361750540160298
LGR5-3,Lgr5-DTR,5.5,60,14.8751084129612,-16.17869127957844
LGR5-3,Lgr5-DTR,5.5,70,44.499598427004,-16.585284807806374
LGR5-3,Lgr5-DTR,5.5,80,131.797856960621,-17.21408362688211
LGR5-3,Lgr5-DTR,6,10,NA,NA
LGR5-3,Lgr5-DTR,6,20,NA,NA
LGR5-3,Lgr5-DTR,6,30,NA,NA
LGR5-3,Lgr5-DTR,6,40,2.30143871861705,-17.909391829591087
LGR5-3,Lgr5-DTR,6,50,5.45713813434374,-17.901917153093837
LGR5-3,Lgr5-DTR,6,60,14.8704357799283,-17.96704358226161
LGR5-3,Lgr5-DTR,6,70,33.7564647068524,-18.451338785394544
LGR5-3,Lgr5-DTR,6,80,92.5651053878747,-19.08974796555135
LGR5-3,Lgr5-DTR,6.5,10,NA,NA
LGR5-3,Lgr5-DTR,6.5,20,NA,NA
LGR5-3,Lgr5-DTR,6.5,30,0.872742344859943,-20.604404011978136
LGR5-3,Lgr5-DTR,6.5,40,2.17255316077273,-20.50486745082494
LGR5-3,Lgr5-DTR,6.5,50,4.99552374011237,-20.490281203997775
LGR5-3,Lgr5-DTR,6.5,60,10.5064788033774,-20.369427377711386
LGR5-3,Lgr5-DTR,6.5,70,23.0524394772797,-20.83354416318392
LGR5-3,Lgr5-DTR,6.5,80,52.2060159222382,-21.556315646448223
LGR5-3,Lgr5-DTR,7,10,NA,NA
LGR5-3,Lgr5-DTR,7,20,NA,NA
LGR5-3,Lgr5-DTR,7,30,NA,NA
LGR5-3,Lgr5-DTR,7,40,1.72801696460536,-24.05990715637328
LGR5-3,Lgr5-DTR,7,50,3.66229201245744,-23.760658148746163
LGR5-3,Lgr5-DTR,7,60,7.61148120760653,-23.434737448199183
LGR5-3,Lgr5-DTR,7,70,12.5300955678815,-23.51939402838121
LGR5-3,Lgr5-DTR,7,80,22.0899649993461,-24.145758995714584
LGR5-3,Lgr5-DTR,7.5,10,NA,NA
LGR5-3,Lgr5-DTR,7.5,20,NA,NA
LGR5-3,Lgr5-DTR,7.5,30,NA,NA
LGR5-3,Lgr5-DTR,7.5,40,0.909009110905489,-26.3037681625916
LGR5-3,Lgr5-DTR,7.5,50,2.37523084827892,-26.491533445349393
LGR5-3,Lgr5-DTR,7.5,60,4.83497881588597,-26.16276525118537
LGR5-3,Lgr5-DTR,7.5,70,8.01123393481122,-25.87606048380373
LGR5-3,Lgr5-DTR,7.5,80,11.3396090515929,-26.398585347154864
LGR5-3,Lgr5-DTR,8,10,NA,NA
LGR5-3,Lgr5-DTR,8,20,NA,NA
LGR5-3,Lgr5-DTR,8,30,NA,NA
LGR5-3,Lgr5-DTR,8,40,NA,NA
LGR5-3,Lgr5-DTR,8,50,1.04398542800328,-30.518630023579476
LGR5-3,Lgr5-DTR,8,60,1.94239321066256,-29.648696187427387
LGR5-3,Lgr5-DTR,8,70,3.95026847501539,-29.234111997817568
LGR5-3,Lgr5-DTR,8,80,5.52737602899537,-29.78633985980394
LGR5-3,Lgr5-DTR,8.5,10,NA,NA
LGR5-3,Lgr5-DTR,8.5,20,NA,NA
LGR5-3,Lgr5-DTR,8.5,30,NA,NA
LGR5-3,Lgr5-DTR,8.5,40,NA,NA
LGR5-3,Lgr5-DTR,8.5,50,NA,NA
LGR5-3,Lgr5-DTR,8.5,60,NA,NA
LGR5-3,Lgr5-DTR,8.5,70,0.999028054370573,-32.4000523076348
LGR5-3,Lgr5-DTR,8.5,80,1.56911036462038,-33.4552426384259
LGR5-3,Lgr5-DTR,9,10,NA,NA
LGR5-3,Lgr5-DTR,9,20,NA,NA
LGR5-3,Lgr5-DTR,9,30,NA,NA
LGR5-3,Lgr5-DTR,9,40,NA,NA
LGR5-3,Lgr5-DTR,9,50,NA,NA
LGR5-3,Lgr5-DTR,9,60,NA,NA
LGR5-3,Lgr5-DTR,9,70,0.716347012750233,-28.84985803517257
LGR5-3,Lgr5-DTR,9,80,1.11033097570543,-29.00291267087251
LGR5-3,Lgr5-DTR,9.5,10,NA,NA
LGR5-3,Lgr5-DTR,9.5,20,NA,NA
LGR5-3,Lgr5-DTR,9.5,30,NA,NA
LGR5-3,Lgr5-DTR,9.5,40,NA,NA
LGR5-3,Lgr5-DTR,9.5,50,NA,NA
LGR5-3,Lgr5-DTR,9.5,60,NA,NA
LGR5-3,Lgr5-DTR,9.5,70,NA,NA
LGR5-3,Lgr5-DTR,9.5,80,0.753122308626568,-32.63834419827862
LGR5-3,Lgr5-DTR,10,10,NA,NA
LGR5-3,Lgr5-DTR,10,20,NA,NA
LGR5-3,Lgr5-DTR,10,30,NA,NA
LGR5-3,Lgr5-DTR,10,40,NA,NA
LGR5-3,Lgr5-DTR,10,50,NA,NA
LGR5-3,Lgr5-DTR,10,60,NA,NA
LGR5-3,Lgr5-DTR,10,70,NA,NA
LGR5-3,Lgr5-DTR,10,80,NA,NA
LGR5-3,Lgr5-DTR,10.5,10,NA,NA
LGR5-3,Lgr5-DTR,10.5,20,NA,NA
LGR5-3,Lgr5-DTR,10.5,30,NA,NA
LGR5-3,Lgr5-DTR,10.5,40,NA,NA
LGR5-3,Lgr5-DTR,10.5,50,NA,NA
LGR5-3,Lgr5-DTR,10.5,60,NA,NA
LGR5-3,Lgr5-DTR,10.5,70,NA,NA
LGR5-3,Lgr5-DTR,10.5,80,NA,NA
LGR5-3,Lgr5-DTR,11,10,NA,NA
LGR5-3,Lgr5-DTR,11,20,NA,NA
LGR5-3,Lgr5-DTR,11,30,NA,NA
LGR5-3,Lgr5-DTR,11,40,NA,NA
LGR5-3,Lgr5-DTR,11,50,NA,NA
LGR5-3,Lgr5-DTR,11,60,NA,NA
LGR5-3,Lgr5-DTR,11,70,NA,NA
LGR5-3,Lgr5-DTR,11,80,NA,NA
LGR5-3,Lgr5-DTR,11.5,10,NA,NA
LGR5-3,Lgr5-DTR,11.5,20,NA,NA
LGR5-3,Lgr5-DTR,11.5,30,NA,NA
LGR5-3,Lgr5-DTR,11.5,40,NA,NA
LGR5-3,Lgr5-DTR,11.5,50,NA,NA
LGR5-3,Lgr5-DTR,11.5,60,NA,NA
LGR5-3,Lgr5-DTR,11.5,70,NA,NA
LGR5-3,Lgr5-DTR,11.5,80,NA,NA
LGR5-3,Lgr5-DTR,12,10,NA,NA
LGR5-3,Lgr5-DTR,12,20,NA,NA
LGR5-3,Lgr5-DTR,12,30,NA,NA
LGR5-3,Lgr5-DTR,12,40,NA,NA
LGR5-3,Lgr5-DTR,12,50,NA,NA
LGR5-3,Lgr5-DTR,12,60,NA,NA
LGR5-3,Lgr5-DTR,12,70,NA,NA
LGR5-3,Lgr5-DTR,12,80,NA,NA
LGR5-3,Lgr5-DTR,12.5,10,NA,NA
LGR5-3,Lgr5-DTR,12.5,20,NA,NA
LGR5-3,Lgr5-DTR,12.5,30,NA,NA
LGR5-3,Lgr5-DTR,12.5,40,NA,NA
LGR5-3,Lgr5-DTR,12.5,50,NA,NA
LGR5-3,Lgr5-DTR,12.5,60,NA,NA
LGR5-3,Lgr5-DTR,12.5,70,NA,NA
LGR5-3,Lgr5-DTR,12.5,80,NA,NA
LGR5-3,Lgr5-DTR,13,10,NA,NA
LGR5-3,Lgr5-DTR,13,20,NA,NA
LGR5-3,Lgr5-DTR,13,30,NA,NA
LGR5-3,Lgr5-DTR,13,40,NA,NA
LGR5-3,Lgr5-DTR,13,50,NA,NA
LGR5-3,Lgr5-DTR,13,60,NA,NA
LGR5-3,Lgr5-DTR,13,70,NA,NA
LGR5-3,Lgr5-DTR,13,80,NA,NA
LGR5-3,Lgr5-DTR,13.5,10,NA,NA
LGR5-3,Lgr5-DTR,13.5,20,NA,NA
LGR5-3,Lgr5-DTR,13.5,30,NA,NA
LGR5-3,Lgr5-DTR,13.5,40,NA,NA
LGR5-3,Lgr5-DTR,13.5,50,NA,NA
LGR5-3,Lgr5-DTR,13.5,60,NA,NA
LGR5-3,Lgr5-DTR,13.5,70,NA,NA
LGR5-3,Lgr5-DTR,13.5,80,NA,NA
LGR5-3,Lgr5-DTR,14,10,NA,NA
LGR5-3,Lgr5-DTR,14,20,NA,NA
LGR5-3,Lgr5-DTR,14,30,NA,NA
LGR5-3,Lgr5-DTR,14,40,NA,NA
LGR5-3,Lgr5-DTR,14,50,NA,NA
LGR5-3,Lgr5-DTR,14,60,NA,NA
LGR5-3,Lgr5-DTR,14,70,NA,NA
LGR5-3,Lgr5-DTR,14,80,NA,NA
LGR5-4,Lgr5-DTR,2,10,NA,NA
LGR5-4,Lgr5-DTR,2,20,NA,NA
LGR5-4,Lgr5-DTR,2,30,NA,NA
LGR5-4,Lgr5-DTR,2,40,NA,NA
LGR5-4,Lgr5-DTR,2,50,1.06926054239869,-0.5900858995457753
LGR5-4,Lgr5-DTR,2,60,2.99408324717496,-0.6827039872727134
LGR5-4,Lgr5-DTR,2,70,10.6782086382136,-0.7982114015781957
LGR5-4,Lgr5-DTR,2,80,31.1163672201916,-0.8479209257217478
LGR5-4,Lgr5-DTR,2.5,10,NA,NA
LGR5-4,Lgr5-DTR,2.5,20,NA,NA
LGR5-4,Lgr5-DTR,2.5,30,NA,NA
LGR5-4,Lgr5-DTR,2.5,40,NA,NA
LGR5-4,Lgr5-DTR,2.5,50,1.64123720505046,-1.5547929145123789
LGR5-4,Lgr5-DTR,2.5,60,5.61853589718169,-2.475992761718687
LGR5-4,Lgr5-DTR,2.5,70,18.4826877126679,-1.866562589317264
LGR5-4,Lgr5-DTR,2.5,80,58.3331348155005,-1.94509753146842
LGR5-4,Lgr5-DTR,3,10,NA,NA
LGR5-4,Lgr5-DTR,3,20,NA,NA
LGR5-4,Lgr5-DTR,3,30,NA,NA
LGR5-4,Lgr5-DTR,3,40,0.994899985096583,-3.869186107508894
LGR5-4,Lgr5-DTR,3,50,2.91481231807607,-3.756062678286957
LGR5-4,Lgr5-DTR,3,60,8.81548720585379,-3.8914019790460626
LGR5-4,Lgr5-DTR,3,70,26.6839450433737,-3.878967893673971
LGR5-4,Lgr5-DTR,3,80,93.9009069412044,-3.977848404535002
LGR5-4,Lgr5-DTR,3.5,10,NA,NA
LGR5-4,Lgr5-DTR,3.5,20,NA,NA
LGR5-4,Lgr5-DTR,3.5,30,NA,NA
LGR5-4,Lgr5-DTR,3.5,40,1.33494668313352,-4.980919969079922
LGR5-4,Lgr5-DTR,3.5,50,4.22395002049962,-5.940697644333123
LGR5-4,Lgr5-DTR,3.5,60,13.1393166452941,-5.958503259162858
LGR5-4,Lgr5-DTR,3.5,70,40.3508947165896,-5.944178827065114
LGR5-4,Lgr5-DTR,3.5,80,132.639952395271,-6.1503451332163745
LGR5-4,Lgr5-DTR,4,10,NA,NA
LGR5-4,Lgr5-DTR,4,20,NA,NA
LGR5-4,Lgr5-DTR,4,30,NA,NA
LGR5-4,Lgr5-DTR,4,40,1.88886648921312,-8.719563611756989
LGR5-4,Lgr5-DTR,4,50,6.08431386033555,-8.047874318527294
LGR5-4,Lgr5-DTR,4,60,18.7430197028546,-8.027316416293363
LGR5-4,Lgr5-DTR,4,70,53.243431118895,-8.866658414625679
LGR5-4,Lgr5-DTR,4,80,170.625503334048,-8.43090964370548
LGR5-4,Lgr5-DTR,4.5,10,NA,NA
LGR5-4,Lgr5-DTR,4.5,20,NA,NA
LGR5-4,Lgr5-DTR,4.5,30,NA,NA
LGR5-4,Lgr5-DTR,4.5,40,2.20403506055214,-11.24296657787175
LGR5-4,Lgr5-DTR,4.5,50,6.97927183520761,-11.215881310068704
LGR5-4,Lgr5-DTR,4.5,60,18.5545068564478,-11.126913585707662
LGR5-4,Lgr5-DTR,4.5,70,58.5309401654342,-11.278511741162369
LGR5-4,Lgr5-DTR,4.5,80,179.804016741753,-11.644629837312628
LGR5-4,Lgr5-DTR,5,10,NA,NA
LGR5-4,Lgr5-DTR,5,20,NA,NA
LGR5-4,Lgr5-DTR,5,30,NA,NA
LGR5-4,Lgr5-DTR,5,40,1.74923177388487,-13.3472120339557
LGR5-4,Lgr5-DTR,5,50,6.05128591375378,-13.734656805333117
LGR5-4,Lgr5-DTR,5,60,18.3641690227417,-13.671699158638113
LGR5-4,Lgr5-DTR,5,70,55.0082166130614,-13.872372051258465
LGR5-4,Lgr5-DTR,5,80,166.855090723881,-14.353778596624233
LGR5-4,Lgr5-DTR,5.5,10,NA,NA
LGR5-4,Lgr5-DTR,5.5,20,NA,NA
LGR5-4,Lgr5-DTR,5.5,30,0.838876682756462,-15.463434104973995
LGR5-4,Lgr5-DTR,5.5,40,2.00077777996007,-16.098894931745768
LGR5-4,Lgr5-DTR,5.5,50,5.92961794541428,-16.05963150364764
LGR5-4,Lgr5-DTR,5.5,60,12.8567502714164,-16.17025559173744
LGR5-4,Lgr5-DTR,5.5,70,43.5179447163717,-16.438461708697808
LGR5-4,Lgr5-DTR,5.5,80,127.555786497389,-17.010606785999443
LGR5-4,Lgr5-DTR,6,10,0.89251322223461,-14.414950624841474
LGR5-4,Lgr5-DTR,6,20,NA,NA
LGR5-4,Lgr5-DTR,6,30,0.75522294439101,-12.674509069153585
LGR5-4,Lgr5-DTR,6,40,2.06189216655828,-17.172485169390896
LGR5-4,Lgr5-DTR,6,50,4.8772750743378,-17.954848590285902
LGR5-4,Lgr5-DTR,6,60,12.3357658720188,-17.25785549687378
LGR5-4,Lgr5-DTR,6,70,42.23793390262,-18.117388830499102
LGR5-4,Lgr5-DTR,6,80,93.4139062652389,-18.81873143099141
LGR5-4,Lgr5-DTR,6.5,10,NA,NA
LGR5-4,Lgr5-DTR,6.5,20,0.74161164995519,-17.368587933408172
LGR5-4,Lgr5-DTR,6.5,30,1.15889890827557,-17.22315857487535
LGR5-4,Lgr5-DTR,6.5,40,1.27538064453686,-20.74173140880068
LGR5-4,Lgr5-DTR,6.5,50,3.25372012142508,-19.417967398579034
LGR5-4,Lgr5-DTR,6.5,60,9.55887030102691,-20.109654084235487
LGR5-4,Lgr5-DTR,6.5,70,24.3024381302083,-20.664594123702273
LGR5-4,Lgr5-DTR,6.5,80,51.2244702712942,-21.342360702782955
LGR5-4,Lgr5-DTR,7,10,NA,NA
LGR5-4,Lgr5-DTR,7,20,NA,NA
LGR5-4,Lgr5-DTR,7,30,NA,NA
LGR5-4,Lgr5-DTR,7,40,1.23661005892197,-23.22168642055032
LGR5-4,Lgr5-DTR,7,50,3.39450756749601,-23.77383505873657
LGR5-4,Lgr5-DTR,7,60,6.76085210237771,-23.454727894538408
LGR5-4,Lgr5-DTR,7,70,16.0972886915193,-23.325358004944952
LGR5-4,Lgr5-DTR,7,80,30.3924467894169,-23.448880832486974
LGR5-4,Lgr5-DTR,7.5,10,NA,NA
LGR5-4,Lgr5-DTR,7.5,20,NA,NA
LGR5-4,Lgr5-DTR,7.5,30,0.973789788880855,-22.01572429363289
LGR5-4,Lgr5-DTR,7.5,40,1.56569389827903,-25.971757955098617
LGR5-4,Lgr5-DTR,7.5,50,1.55784618707967,-25.690466075326455
LGR5-4,Lgr5-DTR,7.5,60,3.49630449612477,-23.583331140622516
LGR5-4,Lgr5-DTR,7.5,70,7.22865757291599,-26.38563219762523
LGR5-4,Lgr5-DTR,7.5,80,12.2057109765342,-26.154989328429643
LGR5-4,Lgr5-DTR,8,10,NA,NA
LGR5-4,Lgr5-DTR,8,20,NA,NA
LGR5-4,Lgr5-DTR,8,30,NA,NA
LGR5-4,Lgr5-DTR,8,40,1.28730957728439,-30.096648902372504
LGR5-4,Lgr5-DTR,8,50,1.24077215958876,-29.916989931675214
LGR5-4,Lgr5-DTR,8,60,1.90073662596515,-29.11978687471632
LGR5-4,Lgr5-DTR,8,70,3.7936911268244,-29.048903317728502
LGR5-4,Lgr5-DTR,8,80,7.03910211107551,-29.399190013335943
LGR5-4,Lgr5-DTR,8.5,10,NA,NA
LGR5-4,Lgr5-DTR,8.5,20,NA,NA
LGR5-4,Lgr5-DTR,8.5,30,NA,NA
LGR5-4,Lgr5-DTR,8.5,40,NA,NA
LGR5-4,Lgr5-DTR,8.5,50,1.16901605199998,-34.678331095221296
LGR5-4,Lgr5-DTR,8.5,60,1.58747598705868,-33.687187680005955
LGR5-4,Lgr5-DTR,8.5,70,1.4015132407550701,-32.635789642251154
LGR5-4,Lgr5-DTR,8.5,80,2.14809367856496,-33.458776980550454
LGR5-4,Lgr5-DTR,9,10,NA,NA
LGR5-4,Lgr5-DTR,9,20,NA,NA
LGR5-4,Lgr5-DTR,9,30,NA,NA
LGR5-4,Lgr5-DTR,9,40,NA,NA
LGR5-4,Lgr5-DTR,9,50,NA,NA
LGR5-4,Lgr5-DTR,9,60,0.782342436323155,-37.250986317754545
LGR5-4,Lgr5-DTR,9,70,1.41482105941236,-36.620072454177
LGR5-4,Lgr5-DTR,9,80,1.41968833117417,-37.60614406032159
LGR5-4,Lgr5-DTR,9.5,10,NA,NA
LGR5-4,Lgr5-DTR,9.5,20,NA,NA
LGR5-4,Lgr5-DTR,9.5,30,NA,NA
LGR5-4,Lgr5-DTR,9.5,40,NA,NA
LGR5-4,Lgr5-DTR,9.5,50,NA,NA
LGR5-4,Lgr5-DTR,9.5,60,NA,NA
LGR5-4,Lgr5-DTR,9.5,70,0.74710918294347906,-40.590804223702115
LGR5-4,Lgr5-DTR,9.5,80,1.43335968178036,-40.066719151337985
LGR5-4,Lgr5-DTR,10,10,NA,NA
LGR5-4,Lgr5-DTR,10,20,NA,NA
LGR5-4,Lgr5-DTR,10,30,NA,NA
LGR5-4,Lgr5-DTR,10,40,NA,NA
LGR5-4,Lgr5-DTR,10,50,NA,NA
LGR5-4,Lgr5-DTR,10,60,NA,NA
LGR5-4,Lgr5-DTR,10,70,NA,NA
LGR5-4,Lgr5-DTR,10,80,NA,NA
LGR5-4,Lgr5-DTR,10.5,10,0.711629878992453,-23.78333687063807
LGR5-4,Lgr5-DTR,10.5,20,NA,NA
LGR5-4,Lgr5-DTR,10.5,30,NA,NA
LGR5-4,Lgr5-DTR,10.5,40,NA,NA
LGR5-4,Lgr5-DTR,10.5,50,NA,NA
LGR5-4,Lgr5-DTR,10.5,60,NA,NA
LGR5-4,Lgr5-DTR,10.5,70,NA,NA
LGR5-4,Lgr5-DTR,10.5,80,NA,NA
LGR5-4,Lgr5-DTR,11,10,NA,NA
LGR5-4,Lgr5-DTR,11,20,NA,NA
LGR5-4,Lgr5-DTR,11,30,NA,NA
LGR5-4,Lgr5-DTR,11,40,NA,NA
LGR5-4,Lgr5-DTR,11,50,NA,NA
LGR5-4,Lgr5-DTR,11,60,NA,NA
LGR5-4,Lgr5-DTR,11,70,NA,NA
LGR5-4,Lgr5-DTR,11,80,NA,NA
LGR5-4,Lgr5-DTR,11.5,10,NA,NA
LGR5-4,Lgr5-DTR,11.5,20,NA,NA
LGR5-4,Lgr5-DTR,11.5,30,1.14572460185331,-31.718112551965323
LGR5-4,Lgr5-DTR,11.5,40,NA,NA
LGR5-4,Lgr5-DTR,11.5,50,NA,NA
LGR5-4,Lgr5-DTR,11.5,60,0.984612719158701,-41.33103429522081
LGR5-4,Lgr5-DTR,11.5,70,NA,NA
LGR5-4,Lgr5-DTR,11.5,80,NA,NA
LGR5-4,Lgr5-DTR,12,10,NA,NA
LGR5-4,Lgr5-DTR,12,20,NA,NA
LGR5-4,Lgr5-DTR,12,30,NA,NA
LGR5-4,Lgr5-DTR,12,40,NA,NA
LGR5-4,Lgr5-DTR,12,50,NA,NA
LGR5-4,Lgr5-DTR,12,60,NA,NA
LGR5-4,Lgr5-DTR,12,70,NA,NA
LGR5-4,Lgr5-DTR,12,80,NA,NA
LGR5-4,Lgr5-DTR,12.5,10,NA,NA
LGR5-4,Lgr5-DTR,12.5,20,NA,NA
LGR5-4,Lgr5-DTR,12.5,30,NA,NA
LGR5-4,Lgr5-DTR,12.5,40,NA,NA
LGR5-4,Lgr5-DTR,12.5,50,NA,NA
LGR5-4,Lgr5-DTR,12.5,60,NA,NA
LGR5-4,Lgr5-DTR,12.5,70,NA,NA
LGR5-4,Lgr5-DTR,12.5,80,NA,NA
LGR5-4,Lgr5-DTR,13,10,NA,NA
LGR5-4,Lgr5-DTR,13,20,NA,NA
LGR5-4,Lgr5-DTR,13,30,NA,NA
LGR5-4,Lgr5-DTR,13,40,NA,NA
LGR5-4,Lgr5-DTR,13,50,NA,NA
LGR5-4,Lgr5-DTR,13,60,NA,NA
LGR5-4,Lgr5-DTR,13,70,NA,NA
LGR5-4,Lgr5-DTR,13,80,NA,NA
LGR5-4,Lgr5-DTR,13.5,10,NA,NA
LGR5-4,Lgr5-DTR,13.5,20,NA,NA
LGR5-4,Lgr5-DTR,13.5,30,NA,NA
LGR5-4,Lgr5-DTR,13.5,40,0.793655479996394,-32.69345996344484
LGR5-4,Lgr5-DTR,13.5,50,NA,NA
LGR5-4,Lgr5-DTR,13.5,60,NA,NA
LGR5-4,Lgr5-DTR,13.5,70,NA,NA
LGR5-4,Lgr5-DTR,13.5,80,NA,NA
LGR5-4,Lgr5-DTR,14,10,NA,NA
LGR5-4,Lgr5-DTR,14,20,NA,NA
LGR5-4,Lgr5-DTR,14,30,NA,NA
LGR5-4,Lgr5-DTR,14,40,NA,NA
LGR5-4,Lgr5-DTR,14,50,NA,NA
LGR5-4,Lgr5-DTR,14,60,NA,NA
LGR5-4,Lgr5-DTR,14,70,NA,NA
LGR5-4,Lgr5-DTR,14,80,NA,NA
LGR5-5,Lgr5-DTR,2,10,NA,NA
LGR5-5,Lgr5-DTR,2,20,NA,NA
LGR5-5,Lgr5-DTR,2,30,NA,NA
LGR5-5,Lgr5-DTR,2,40,NA,NA
LGR5-5,Lgr5-DTR,2,50,1.52886017227518,-0.20878602957083017
LGR5-5,Lgr5-DTR,2,60,4.69675136030972,-1.2628014842533806
LGR5-5,Lgr5-DTR,2,70,13.7264714503579,-1.0657482624346166
LGR5-5,Lgr5-DTR,2,80,51.6353043435225,-1.2081557735275297
LGR5-5,Lgr5-DTR,2.5,10,NA,NA
LGR5-5,Lgr5-DTR,2.5,20,NA,NA
LGR5-5,Lgr5-DTR,2.5,30,NA,NA
LGR5-5,Lgr5-DTR,2.5,40,NA,NA
LGR5-5,Lgr5-DTR,2.5,50,2.02410389315334,-2.0806684747725916
LGR5-5,Lgr5-DTR,2.5,60,5.72026918556536,-2.131450816573379
LGR5-5,Lgr5-DTR,2.5,70,18.9252595595852,-2.158635483671462
LGR5-5,Lgr5-DTR,2.5,80,73.5800431234309,-2.3370800988589355
LGR5-5,Lgr5-DTR,3,10,NA,NA
LGR5-5,Lgr5-DTR,3,20,NA,NA
LGR5-5,Lgr5-DTR,3,30,NA,NA
LGR5-5,Lgr5-DTR,3,40,1.16602481081768,-4.056289691631276
LGR5-5,Lgr5-DTR,3,50,3.49397703911545,-3.994282697402047
LGR5-5,Lgr5-DTR,3,60,10.0469474368657,-4.059096910205314
LGR5-5,Lgr5-DTR,3,70,38.0189413821073,-4.193018988776183
LGR5-5,Lgr5-DTR,3,80,133.448165872525,-4.4735849125058484
LGR5-5,Lgr5-DTR,3.5,10,NA,NA
LGR5-5,Lgr5-DTR,3.5,20,NA,NA
LGR5-5,Lgr5-DTR,3.5,30,NA,NA
LGR5-5,Lgr5-DTR,3.5,40,1.7829591436583,-5.992658738730691
LGR5-5,Lgr5-DTR,3.5,50,5.23791233695213,-6.146676997234067
LGR5-5,Lgr5-DTR,3.5,60,15.6337527103957,-6.235233194243478
LGR5-5,Lgr5-DTR,3.5,70,55.4904044788822,-6.519070387543683
LGR5-5,Lgr5-DTR,3.5,80,184.273704162251,-6.860586346976773
LGR5-5,Lgr5-DTR,4,10,NA,NA
LGR5-5,Lgr5-DTR,4,20,NA,NA
LGR5-5,Lgr5-DTR,4,30,NA,NA
LGR5-5,Lgr5-DTR,4,40,2.44217838279797,-8.98989297695888
LGR5-5,Lgr5-DTR,4,50,7.24761507677145,-8.741465649687536
LGR5-5,Lgr5-DTR,4,60,24.2064979640102,-8.840982359045345
LGR5-5,Lgr5-DTR,4,70,86.7809743894896,-9.337750837088825
LGR5-5,Lgr5-DTR,4,80,264.725967032246,-8.85538969376101
LGR5-5,Lgr5-DTR,4.5,10,NA,NA
LGR5-5,Lgr5-DTR,4.5,20,NA,NA
LGR5-5,Lgr5-DTR,4.5,30,1.25294584173114,-10.60153890999656
LGR5-5,Lgr5-DTR,4.5,40,3.24532136902703,-10.766253935476506
LGR5-5,Lgr5-DTR,4.5,50,9.13400431528803,-10.876249106195171
LGR5-5,Lgr5-DTR,4.5,60,25.5027919625798,-11.01104823368179
LGR5-5,Lgr5-DTR,4.5,70,88.9076444850805,-11.46879268714107
LGR5-5,Lgr5-DTR,4.5,80,277.003470231391,-11.892779496505264
LGR5-5,Lgr5-DTR,5,10,NA,NA
LGR5-5,Lgr5-DTR,5,20,NA,NA
LGR5-5,Lgr5-DTR,5,30,1.40778243287281,-13.377710113312473
LGR5-5,Lgr5-DTR,5,40,3.85707045941724,-13.49568882950201
LGR5-5,Lgr5-DTR,5,50,9.35413659061915,-13.54889823783878
LGR5-5,Lgr5-DTR,5,60,28.8745264131246,-13.728255264731049
LGR5-5,Lgr5-DTR,5,70,82.8342583780775,-14.41652537263551
LGR5-5,Lgr5-DTR,5,80,243.258453529261,-14.997117491363351
LGR5-5,Lgr5-DTR,5.5,10,NA,NA
LGR5-5,Lgr5-DTR,5.5,20,NA,NA
LGR5-5,Lgr5-DTR,5.5,30,1.51990239312839,-15.997319979950545
LGR5-5,Lgr5-DTR,5.5,40,4.01995910976903,-16.147183378238047
LGR5-5,Lgr5-DTR,5.5,50,9.54883233479289,-16.159729786008096
LGR5-5,Lgr5-DTR,5.5,60,24.0831483541892,-16.385505988787752
LGR5-5,Lgr5-DTR,5.5,70,61.4719751881124,-17.18125581905708
LGR5-5,Lgr5-DTR,5.5,80,176.329511343557,-17.13197433632882
LGR5-5,Lgr5-DTR,6,10,NA,NA
LGR5-5,Lgr5-DTR,6,20,NA,NA
LGR5-5,Lgr5-DTR,6,30,1.69364313781107,-18.096795854556465
LGR5-5,Lgr5-DTR,6,40,4.41296845253396,-18.148602654566016
LGR5-5,Lgr5-DTR,6,50,8.93344676134042,-18.62347212821998
LGR5-5,Lgr5-DTR,6,60,20.3762616157141,-18.26844347023479
LGR5-5,Lgr5-DTR,6,70,42.8834629179256,-19.057631391287934
LGR5-5,Lgr5-DTR,6,80,99.0917018477776,-19.823117796191525
LGR5-5,Lgr5-DTR,6.5,10,NA,NA
LGR5-5,Lgr5-DTR,6.5,20,0.756315111587836,-20.78080063780012
LGR5-5,Lgr5-DTR,6.5,30,1.96609925243078,-20.921680764567153
LGR5-5,Lgr5-DTR,6.5,40,4.077377275014,-21.042722906053548
LGR5-5,Lgr5-DTR,6.5,50,8.24487173876596,-20.9708617096525
LGR5-5,Lgr5-DTR,6.5,60,16.7918437218207,-20.79968535682116
LGR5-5,Lgr5-DTR,6.5,70,30.2236676868896,-21.53326473156582
LGR5-5,Lgr5-DTR,6.5,80,63.7825763449654,-22.5796789233196
LGR5-5,Lgr5-DTR,7,10,NA,NA
LGR5-5,Lgr5-DTR,7,20,NA,NA
LGR5-5,Lgr5-DTR,7,30,2.44053974513799,-24.34547531030089
LGR5-5,Lgr5-DTR,7,40,4.75789321072484,-24.14736298939908
LGR5-5,Lgr5-DTR,7,50,7.67762682549289,-23.674345330769043
LGR5-5,Lgr5-DTR,7,60,12.5578595545403,-23.545275670187156
LGR5-5,Lgr5-DTR,7,70,21.4915419954883,-24.108186450818053
LGR5-5,Lgr5-DTR,7,80,31.8977940482321,-25.25473439803097
LGR5-5,Lgr5-DTR,7.5,10,NA,NA
LGR5-5,Lgr5-DTR,7.5,20,0.904931559233458,-27.087319719585153
LGR5-5,Lgr5-DTR,7.5,30,2.09798830361275,-23.94094596309199
LGR5-5,Lgr5-DTR,7.5,40,4.26035427478936,-26.85571182811636
LGR5-5,Lgr5-DTR,7.5,50,6.27968582003889,-26.41341076009358
LGR5-5,Lgr5-DTR,7.5,60,9.89126194212189,-25.82331867824886
LGR5-5,Lgr5-DTR,7.5,70,10.8036704411385,-26.086322425908808
LGR5-5,Lgr5-DTR,7.5,80,21.8913082446661,-27.296871007298652
LGR5-5,Lgr5-DTR,8,10,NA,NA
LGR5-5,Lgr5-DTR,8,20,NA,NA
LGR5-5,Lgr5-DTR,8,30,2.09350291609318,-30.97711462115899
LGR5-5,Lgr5-DTR,8,40,3.50924337473434,-30.72864988407244
LGR5-5,Lgr5-DTR,8,50,4.43624844209501,-29.924127001046784
LGR5-5,Lgr5-DTR,8,60,4.04754039157902,-28.04061393597589
LGR5-5,Lgr5-DTR,8,70,8.78890706016639,-29.369387918483252
LGR5-5,Lgr5-DTR,8,80,13.1003575830802,-30.312034726738524
LGR5-5,Lgr5-DTR,8.5,10,NA,NA
LGR5-5,Lgr5-DTR,8.5,20,NA,NA
LGR5-5,Lgr5-DTR,8.5,30,1.1139211129628,-35.54242019024307
LGR5-5,Lgr5-DTR,8.5,40,3.60879139547067,-35.78011560820244
LGR5-5,Lgr5-DTR,8.5,50,2.86659998523917,-34.337923221298595
LGR5-5,Lgr5-DTR,8.5,60,3.66490995002408,-33.52142723236773
LGR5-5,Lgr5-DTR,8.5,70,4.58339675006332,-33.12110080923783
LGR5-5,Lgr5-DTR,8.5,80,4.49861700136673,-31.8028850578396
LGR5-5,Lgr5-DTR,9,10,NA,NA
LGR5-5,Lgr5-DTR,9,20,NA,NA
LGR5-5,Lgr5-DTR,9,30,NA,NA
LGR5-5,Lgr5-DTR,9,40,0.940493852037108,-29.27244057374548
LGR5-5,Lgr5-DTR,9,50,1.44130250728616,-28.411775503399028
LGR5-5,Lgr5-DTR,9,60,1.75920933436194,-27.81340177223103
LGR5-5,Lgr5-DTR,9,70,1.7321267414934,-27.488879972776303
LGR5-5,Lgr5-DTR,9,80,2.14317932731859,-28.76454961129418
LGR5-5,Lgr5-DTR,9.5,10,NA,NA
LGR5-5,Lgr5-DTR,9.5,20,NA,NA
LGR5-5,Lgr5-DTR,9.5,30,NA,NA
LGR5-5,Lgr5-DTR,9.5,40,NA,NA
LGR5-5,Lgr5-DTR,9.5,50,NA,NA
LGR5-5,Lgr5-DTR,9.5,60,NA,NA
LGR5-5,Lgr5-DTR,9.5,70,0.875454045130143,-32.647574188530484
LGR5-5,Lgr5-DTR,9.5,80,1.1559200421916,-33.505908647230406
LGR5-5,Lgr5-DTR,10,10,NA,NA
LGR5-5,Lgr5-DTR,10,20,NA,NA
LGR5-5,Lgr5-DTR,10,30,NA,NA
LGR5-5,Lgr5-DTR,10,40,NA,NA
LGR5-5,Lgr5-DTR,10,50,NA,NA
LGR5-5,Lgr5-DTR,10,60,NA,NA
LGR5-5,Lgr5-DTR,10,70,NA,NA
LGR5-5,Lgr5-DTR,10,80,NA,NA
LGR5-5,Lgr5-DTR,10.5,10,NA,NA
LGR5-5,Lgr5-DTR,10.5,20,NA,NA
LGR5-5,Lgr5-DTR,10.5,30,NA,NA
LGR5-5,Lgr5-DTR,10.5,40,NA,NA
LGR5-5,Lgr5-DTR,10.5,50,NA,NA
LGR5-5,Lgr5-DTR,10.5,60,NA,NA
LGR5-5,Lgr5-DTR,10.5,70,NA,NA
LGR5-5,Lgr5-DTR,10.5,80,NA,NA
LGR5-5,Lgr5-DTR,11,10,NA,NA
LGR5-5,Lgr5-DTR,11,20,NA,NA
LGR5-5,Lgr5-DTR,11,30,NA,NA
LGR5-5,Lgr5-DTR,11,40,NA,NA
LGR5-5,Lgr5-DTR,11,50,NA,NA
LGR5-5,Lgr5-DTR,11,60,NA,NA
LGR5-5,Lgr5-DTR,11,70,NA,NA
LGR5-5,Lgr5-DTR,11,80,NA,NA
LGR5-5,Lgr5-DTR,11.5,10,NA,NA
LGR5-5,Lgr5-DTR,11.5,20,NA,NA
LGR5-5,Lgr5-DTR,11.5,30,NA,NA
LGR5-5,Lgr5-DTR,11.5,40,NA,NA
LGR5-5,Lgr5-DTR,11.5,50,NA,NA
LGR5-5,Lgr5-DTR,11.5,60,NA,NA
LGR5-5,Lgr5-DTR,11.5,70,NA,NA
LGR5-5,Lgr5-DTR,11.5,80,NA,NA
LGR5-5,Lgr5-DTR,12,10,NA,NA
LGR5-5,Lgr5-DTR,12,20,NA,NA
LGR5-5,Lgr5-DTR,12,30,NA,NA
LGR5-5,Lgr5-DTR,12,40,NA,NA
LGR5-5,Lgr5-DTR,12,50,NA,NA
LGR5-5,Lgr5-DTR,12,60,NA,NA
LGR5-5,Lgr5-DTR,12,70,NA,NA
LGR5-5,Lgr5-DTR,12,80,NA,NA
LGR5-5,Lgr5-DTR,12.5,10,NA,NA
LGR5-5,Lgr5-DTR,12.5,20,NA,NA
LGR5-5,Lgr5-DTR,12.5,30,NA,NA
LGR5-5,Lgr5-DTR,12.5,40,NA,NA
LGR5-5,Lgr5-DTR,12.5,50,NA,NA
LGR5-5,Lgr5-DTR,12.5,60,NA,NA
LGR5-5,Lgr5-DTR,12.5,70,NA,NA
LGR5-5,Lgr5-DTR,12.5,80,NA,NA
LGR5-5,Lgr5-DTR,13,10,NA,NA
LGR5-5,Lgr5-DTR,13,20,NA,NA
LGR5-5,Lgr5-DTR,13,30,NA,NA
LGR5-5,Lgr5-DTR,13,40,NA,NA
LGR5-5,Lgr5-DTR,13,50,NA,NA
LGR5-5,Lgr5-DTR,13,60,NA,NA
LGR5-5,Lgr5-DTR,13,70,NA,NA
LGR5-5,Lgr5-DTR,13,80,NA,NA
LGR5-5,Lgr5-DTR,13.5,10,NA,NA
LGR5-5,Lgr5-DTR,13.5,20,NA,NA
LGR5-5,Lgr5-DTR,13.5,30,NA,NA
LGR5-5,Lgr5-DTR,13.5,40,NA,NA
LGR5-5,Lgr5-DTR,13.5,50,NA,NA
LGR5-5,Lgr5-DTR,13.5,60,NA,NA
LGR5-5,Lgr5-DTR,13.5,70,NA,NA
LGR5-5,Lgr5-DTR,13.5,80,NA,NA
LGR5-5,Lgr5-DTR,14,10,NA,NA
LGR5-5,Lgr5-DTR,14,20,NA,NA
LGR5-5,Lgr5-DTR,14,30,NA,NA
LGR5-5,Lgr5-DTR,14,40,NA,NA
LGR5-5,Lgr5-DTR,14,50,NA,NA
LGR5-5,Lgr5-DTR,14,60,NA,NA
LGR5-5,Lgr5-DTR,14,70,NA,NA
LGR5-5,Lgr5-DTR,14,80,NA,NA
